ds,yhat,,trend,yhat_lower,yhat_upper,trend_lower,trend_upper,additive_terms,additive_terms_lower,additive_terms_upper,weekly,weekly_lower,weekly_upper,yearly,yearly_lower,yearly_upper,multiplicative_terms,multiplicative_terms_lower,multiplicative_terms_upper
8/1/2018,35835474.35,,39571097.94,27245493.49,43943656.62,39571097.94,39571097.94,-3735623.597,-3735623.597,-3735623.597,1063122.678,1063122.678,1063122.678,-4798746.275,-4798746.275,-4798746.275,0,0,0
8/2/2018,35096774.98,,39593079.17,26955870.95,42633762.34,39593079.17,39593079.17,-4496304.193,-4496304.193,-4496304.193,436186.6716,436186.6716,436186.6716,-4932490.864,-4932490.864,-4932490.864,0,0,0
8/3/2018,30483015.97,,39615060.41,22842274.15,39143751.84,39615060.41,39615060.41,-9132044.432,-9132044.432,-9132044.432,-4065031.561,-4065031.561,-4065031.561,-5067012.87,-5067012.87,-5067012.87,0,0,0
8/4/2018,33975918.84,,39637041.64,25796885.08,41824947.8,39637041.64,39637041.64,-5661122.794,-5661122.794,-5661122.794,-460832.9329,-460832.9329,-460832.9329,-5200289.861,-5200289.861,-5200289.861,0,0,0
8/5/2018,34192715.46,,39659022.87,26178208.94,41847085.83,39659022.87,39659022.87,-5466307.407,-5466307.407,-5466307.407,-136280.343,-136280.343,-136280.343,-5330027.064,-5330027.064,-5330027.064,0,0,0
8/7/2018,36324922.09,,39702985.33,27798856.89,44219639.56,39702985.33,39702985.33,-3378063.237,-3378063.237,-3378063.237,2190523.233,2190523.233,2190523.233,-5568586.47,-5568586.47,-5568586.47,0,0,0
8/8/2018,35116237.19,,39724966.56,27283057.82,42914233.81,39724966.56,39724966.56,-4608729.378,-4608729.378,-4608729.378,1063122.678,1063122.678,1063122.678,-5671852.056,-5671852.056,-5671852.056,0,0,0
8/9/2018,34422554.28,,39746947.79,26680031.8,42380658.93,39746947.79,39746947.79,-5324393.512,-5324393.512,-5324393.512,436186.6716,436186.6716,436186.6716,-5760580.183,-5760580.183,-5760580.183,0,0,0
8/10/2018,29872043.77,,39768929.03,21632979.64,38958623.49,39768929.03,39768929.03,-9896885.261,-9896885.261,-9896885.261,-4065031.561,-4065031.561,-4065031.561,-5831853.7,-5831853.7,-5831853.7,0,0,0
8/11/2018,33447255.49,,39790910.26,25154115.8,41018146.33,39790910.26,39790910.26,-6343654.772,-6343654.772,-6343654.772,-460832.9329,-460832.9329,-460832.9329,-5882821.839,-5882821.839,-5882821.839,0,0,0
8/12/2018,33765838.42,,39812891.49,25481415.81,41931150.85,39812891.49,39812891.49,-6047053.065,-6047053.065,-6047053.065,-136280.343,-136280.343,-136280.343,-5910772.722,-5910772.722,-5910772.722,0,0,0
8/13/2018,34893978.28,,39834872.72,26981360.94,43272424.16,39834872.72,39834872.72,-4940894.443,-4940894.443,-4940894.443,972312.2545,972312.2545,972312.2545,-5913206.698,-5913206.698,-5913206.698,0,0,0
8/14/2018,36159468.38,,39856853.95,28133116.42,44296130.9,39856853.95,39856853.95,-3697385.577,-3697385.577,-3697385.577,2190523.233,2190523.233,2190523.233,-5887908.81,-5887908.81,-5887908.81,0,0,0
8/15/2018,35108939.26,,39878835.18,27081541.05,42849952.66,39878835.18,39878835.18,-4769895.918,-4769895.918,-4769895.918,1063122.678,1063122.678,1063122.678,-5833018.595,-5833018.595,-5833018.595,0,0,0
8/16/2018,34589907.69,,39900816.41,26043618.86,42887251.88,39900816.41,39900816.41,-5310908.72,-5310908.72,-5310908.72,436186.6715,436186.6715,436186.6715,-5747095.392,-5747095.392,-5747095.392,0,0,0
8/17/2018,30228588.73,,39922797.64,22110360.3,38659659.07,39922797.64,39922797.64,-9694208.907,-9694208.907,-9694208.907,-4065031.561,-4065031.561,-4065031.561,-5629177.346,-5629177.346,-5629177.346,0,0,0
8/18/2018,34005113.56,,39944778.87,26130068.84,42767654.85,39944778.87,39944778.87,-5939665.31,-5939665.31,-5939665.31,-460832.9329,-460832.9329,-460832.9329,-5478832.377,-5478832.377,-5478832.377,0,0,0
8/19/2018,34534280.31,,39966760.1,26767851.84,42467738.48,39966760.1,39966760.1,-5432479.795,-5432479.795,-5432479.795,-136280.343,-136280.343,-136280.343,-5296199.452,-5296199.452,-5296199.452,0,0,0
8/20/2018,35879034.89,,39988741.33,28237796.88,43543549.8,39988741.33,39988741.33,-4109706.438,-4109706.438,-4109706.438,972312.2545,972312.2545,972312.2545,-5082018.693,-5082018.693,-5082018.693,0,0,0
8/21/2018,37363596.75,,40010722.56,29204006.07,45056718.97,40010722.56,40010722.56,-2647125.807,-2647125.807,-2647125.807,2190523.233,2190523.233,2190523.233,-4837649.04,-4837649.04,-4837649.04,0,0,0
8/22/2018,36530754.03,,40032703.79,28353092.2,44717056.35,40032703.79,40032703.79,-3501949.757,-3501949.757,-3501949.757,1063122.678,1063122.678,1063122.678,-4565072.435,-4565072.435,-4565072.435,0,0,0
8/23/2018,36223987.92,,40054685.02,28199622.38,44337398.28,40054685.02,40054685.02,-3830697.101,-3830697.101,-3830697.101,436186.6716,436186.6716,436186.6716,-4266883.772,-4266883.772,-4266883.772,0,0,0
8/24/2018,32065368.5,,40076666.25,24195924.38,40316757.03,40076666.25,40076666.25,-8011297.755,-8011297.755,-8011297.755,-4065031.561,-4065031.561,-4065031.561,-3946266.194,-3946266.194,-3946266.194,0,0,0
8/25/2018,36030862.92,,40098647.48,28268844.28,44545192.08,40098647.48,40098647.48,-4067784.564,-4067784.564,-4067784.564,-460832.9329,-460832.9329,-460832.9329,-3606951.632,-3606951.632,-3606951.632,0,0,0
8/26/2018,36731181.49,,40120628.71,28774082.28,44343463.25,40120628.71,40120628.71,-3389447.216,-3389447.216,-3389447.216,-136280.343,-136280.343,-136280.343,-3253166.873,-3253166.873,-3253166.873,0,0,0
8/27/2018,38225356.41,,40142609.94,30323108.6,45728382.59,40142609.94,40142609.94,-1917253.528,-1917253.528,-1917253.528,972312.2545,972312.2545,972312.2545,-2889565.782,-2889565.782,-2889565.782,0,0,0
8/28/2018,39833965.71,,40164591.17,31895963.42,47900472.9,40164591.17,40164591.17,-330625.462,-330625.462,-330625.462,2190523.233,2190523.233,2190523.233,-2521148.695,-2521148.695,-2521148.695,0,0,0
8/29/2018,39096524.73,,40186572.4,30614991.33,47043370.29,40186572.4,40186572.4,-1090047.67,-1090047.67,-1090047.67,1063122.678,1063122.678,1063122.678,-2153170.347,-2153170.347,-2153170.347,0,0,0
8/30/2018,38853702.25,,40208553.63,30095811.95,46738704.48,40208553.63,40208553.63,-1354851.371,-1354851.371,-1354851.371,436186.6716,436186.6716,436186.6716,-1791038.042,-1791038.042,-1791038.042,0,0,0
8/31/2018,34725301.21,,40230534.85,27060037.8,43035479.78,40230534.85,40230534.85,-5505233.64,-5505233.64,-5505233.64,-4065031.561,-4065031.561,-4065031.561,-1440202.079,-1440202.079,-1440202.079,0,0,0
9/1/2018,38685642.43,,40252516.08,30630133.31,46779933.54,40252516.08,40252516.08,-1566873.647,-1566873.647,-1566873.647,-460832.9329,-460832.9329,-460832.9329,-1106040.715,-1106040.715,-1106040.715,0,0,0
9/2/2018,39344474.79,,40274497.31,30960636.57,47166697.2,40274497.31,40274497.31,-930022.5234,-930022.5234,-930022.5234,-136280.343,-136280.343,-136280.343,-793742.1804,-793742.1804,-793742.1804,0,0,0
9/3/2018,40760604.38,,40296478.54,32843559.25,49450562.14,40296478.54,40296478.54,464125.8433,464125.8433,464125.8433,972312.2545,972312.2545,972312.2545,-508186.4112,-508186.4112,-508186.4112,0,0,0
9/4/2018,42255153.72,,40318459.77,33829081.87,50777040.97,40318459.77,40318459.77,1936693.952,1936693.952,1936693.952,2190523.233,2190523.233,2190523.233,-253829.2812,-253829.2812,-253829.2812,0,0,0
9/5/2018,41368971.51,,40340440.99,32529017.3,49893740.41,40340440.99,40340440.99,1028530.518,1028530.518,1028530.518,1063122.678,1063122.678,1063122.678,-34592.16001,-34592.16001,-34592.16001,0,0,0
9/6/2018,40944849.31,,40362422.22,33115370.12,48854710.2,40362422.22,40362422.22,582427.0909,582427.0909,582427.0909,436186.6716,436186.6716,436186.6716,146240.4193,146240.4193,146240.4193,0,0,0
9/7/2018,36605484.18,,40384403.45,28958634.81,44731769.02,40384403.45,40384403.45,-3778919.272,-3778919.272,-3778919.272,-4065031.561,-4065031.561,-4065031.561,286112.2891,286112.2891,286112.2891,0,0,0
9/8/2018,40328825.6,,40406384.68,32128904.17,48320647.98,40406384.68,40406384.68,-77559.07761,-77559.07761,-77559.07761,-460832.9329,-460832.9329,-460832.9329,383273.8553,383273.8553,383273.8553,0,0,0
9/9/2018,40728930.27,,40428365.91,32981209.18,48645246.38,40428365.91,40428365.91,300564.3618,300564.3618,300564.3618,-136280.343,-136280.343,-136280.343,436844.7048,436844.7048,436844.7048,0,0,0
9/10/2018,41869518.03,,40450347.13,33964671.34,49663206.91,40450347.13,40450347.13,1419170.893,1419170.893,1419170.893,972312.2545,972312.2545,972312.2545,446858.639,446858.639,446858.639,0,0,0
9/11/2018,43077141.12,,40472328.36,35169314.54,51142770.3,40472328.36,40472328.36,2604812.755,2604812.755,2604812.755,2190523.233,2190523.233,2190523.233,414289.5211,414289.5211,414289.5211,0,0,0
9/12/2018,41898489.01,,40494309.59,33813134.59,50312569.25,40494309.59,40494309.59,1404179.419,1404179.419,1404179.419,1063122.678,1063122.678,1063122.678,341056.7411,341056.7411,341056.7411,0,0,0
9/13/2018,41182487.04,,40516290.82,33029035.76,49491254.02,40516290.82,40516290.82,666196.2267,666196.2267,666196.2267,436186.6716,436186.6716,436186.6716,230009.5551,230009.5551,230009.5551,0,0,0
9/14/2018,36558130.53,,40538272.04,28461001.2,45048661.08,40538272.04,40538272.04,-3980141.513,-3980141.513,-3980141.513,-4065031.561,-4065031.561,-4065031.561,84890.04827,84890.04827,84890.04827,0,0,0
9/15/2018,40009695.31,,40560253.27,32341104.29,47891520.95,40560253.27,40560253.27,-550557.9617,-550557.9617,-550557.9617,-460832.9329,-460832.9329,-460832.9329,-89725.0288,-89725.0288,-89725.0288,0,0,0
9/16/2018,40157451.38,,40582234.5,32252832.9,48240494.41,40582234.5,40582234.5,-424783.1227,-424783.1227,-424783.1227,-136280.343,-136280.343,-136280.343,-288502.7797,-288502.7797,-288502.7797,0,0,0
9/17/2018,41071076.22,,40604215.73,32283612,49562805.81,40604215.73,40604215.73,466860.4923,466860.4923,466860.4923,972312.2545,972312.2545,972312.2545,-505451.7622,-505451.7622,-505451.7622,0,0,0
9/18/2018,42082683.29,,40626196.95,33559194.73,49324595.64,40626196.95,40626196.95,1456486.332,1456486.332,1456486.332,2190523.233,2190523.233,2190523.233,-734036.901,-734036.901,-734036.901,0,0,0
9/19/2018,40743991.37,,40648178.18,32951601.04,48289425.41,40648178.18,40648178.18,95813.19201,95813.19201,95813.19201,1063122.678,1063122.678,1063122.678,-967309.4857,-967309.4857,-967309.4857,0,0,0
9/20/2018,39908296.47,,40670159.41,32248670.42,48439817.62,40670159.41,40670159.41,-761862.941,-761862.941,-761862.941,436186.6716,436186.6716,436186.6716,-1198049.613,-1198049.613,-1198049.613,0,0,0
9/21/2018,35208191.01,,40692140.64,26782931.25,42882526.96,40692140.64,40692140.64,-5483949.629,-5483949.629,-5483949.629,-4065031.561,-4065031.561,-4065031.561,-1418918.068,-1418918.068,-1418918.068,0,0,0
9/22/2018,38630674.57,,40714121.86,30630345.67,47165670.21,40714121.86,40714121.86,-2083447.288,-2083447.288,-2083447.288,-460832.9329,-460832.9329,-460832.9329,-1622614.355,-1622614.355,-1622614.355,0,0,0
9/23/2018,38797785.39,,40736103.08,30462813.92,47420265.74,40736103.08,40736103.08,-1938317.693,-1938317.693,-1938317.693,-136280.343,-136280.343,-136280.343,-1802037.35,-1802037.35,-1802037.35,0,0,0
9/24/2018,39779951.63,,40758084.3,31096028.2,48013154.95,40758084.3,40758084.3,-978132.6739,-978132.6739,-978132.6739,972312.2545,972312.2545,972312.2545,-1950444.928,-1950444.928,-1950444.928,0,0,0
9/25/2018,40908979.9,,40780065.52,32880026.12,48641831.26,40780065.52,40780065.52,128914.3768,128914.3768,128914.3768,2190523.233,2190523.233,2190523.233,-2061608.857,-2061608.857,-2061608.857,0,0,0
9/26/2018,39735208.14,,40802046.74,31844553.7,47957971.62,40802046.74,40802046.74,-1066838.6,-1066838.6,-1066838.6,1063122.678,1063122.678,1063122.678,-2129961.278,-2129961.278,-2129961.278,0,0,0
9/27/2018,39109485.38,,40824027.96,31074040.2,46928996.71,40824027.96,40824027.96,-1714542.579,-1714542.579,-1714542.579,436186.6716,436186.6716,436186.6716,-2150729.25,-2150729.25,-2150729.25,0,0,0
9/28/2018,34660923.61,,40846009.19,26395366.16,42641148.46,40846009.19,40846009.19,-6185085.575,-6185085.575,-6185085.575,-4065031.561,-4065031.561,-4065031.561,-2120054.014,-2120054.014,-2120054.014,0,0,0
9/29/2018,38372065.52,,40867990.41,30561669.3,46018501.93,40867990.41,40867990.41,-2495924.891,-2495924.891,-2495924.891,-460832.9329,-460832.9329,-460832.9329,-2035091.958,-2035091.958,-2035091.958,0,0,0
9/30/2018,38859596.63,,40889971.63,31332101.47,47276579.42,40889971.63,40889971.63,-2030375.001,-2030375.001,-2030375.001,-136280.343,-136280.343,-136280.343,-1894094.658,-1894094.658,-1894094.658,0,0,0
10/1/2018,40187799.33,,40911952.85,32374223.37,48754225.08,40911952.85,40911952.85,-724153.5156,-724153.5156,-724153.5156,972312.2545,972312.2545,972312.2545,-1696465.77,-1696465.77,-1696465.77,0,0,0
10/2/2018,41681664.17,,40933934.07,33700466.78,49593981.6,40933934.07,40933934.07,747730.1012,747730.1012,747730.1012,2190523.233,2190523.233,2190523.233,-1442793.132,-1442793.132,-1442793.132,0,0,0
10/3/2018,40884183.04,,40955915.29,32319413.87,49312900.78,40955915.29,40955915.29,-71732.2469,-71732.2469,-71732.2469,1063122.678,1063122.678,1063122.678,-1134854.925,-1134854.925,-1134854.925,0,0,0
10/4/2018,40638483.8,,40977896.51,32230853.3,48057826.08,40977896.51,40977896.51,-339412.7148,-339412.7148,-339412.7148,436186.6716,436186.6716,436186.6716,-775599.3863,-775599.3863,-775599.3863,0,0,0
10/5/2018,36565748,,40999877.73,27907679.01,45091081.11,40999877.73,40999877.73,-4434129.736,-4434129.736,-4434129.736,-4065031.561,-4065031.561,-4065031.561,-369098.1744,-369098.1744,-369098.1744,0,0,0
10/6/2018,40640551.94,,41021858.96,32464628.74,48766224.68,41021858.96,41021858.96,-381307.0168,-381307.0168,-381307.0168,-460832.9329,-460832.9329,-460832.9329,79525.91619,79525.91619,79525.91619,0,0,0
10/7/2018,41471755.37,,41043840.18,33218819.46,48947299.62,41043840.18,41043840.18,427915.1957,427915.1957,427915.1957,-136280.343,-136280.343,-136280.343,564195.5387,564195.5387,564195.5387,0,0,0
10/8/2018,43116131.42,,41065821.4,35018853.95,51241066.22,41065821.4,41065821.4,2050310.022,2050310.022,2050310.022,972312.2545,972312.2545,972312.2545,1077997.768,1077997.768,1077997.768,0,0,0
10/9/2018,44891648.84,,41087802.62,36403483.41,53005158.59,41087802.62,41087802.62,3803846.22,3803846.22,3803846.22,2190523.233,2190523.233,2190523.233,1613322.987,1613322.987,1613322.987,0,0,0
10/10/2018,44334927.25,,41109783.84,36801217.09,52261289.96,41109783.84,41109783.84,3225143.404,3225143.404,3225143.404,1063122.678,1063122.678,1063122.678,2162020.726,2162020.726,2162020.726,0,0,0
10/11/2018,44283520.79,,41131765.06,36611204.76,51963495.11,41131765.06,41131765.06,3151755.724,3151755.724,3151755.724,436186.6716,436186.6716,436186.6716,2715569.053,2715569.053,2715569.053,0,0,0
10/12/2018,40353968.48,,41153746.28,32115717.01,47849314.76,41153746.28,41153746.28,-799777.7995,-799777.7995,-799777.7995,-4065031.561,-4065031.561,-4065031.561,3265253.762,3265253.762,3265253.762,0,0,0
10/13/2018,44517247.93,,41175727.5,36252785.1,52390208.09,41175727.5,41175727.5,3341520.429,3341520.429,3341520.429,-460832.9329,-460832.9329,-460832.9329,3802353.362,3802353.362,3802353.362,0,0,0
10/14/2018,45379754.05,,41197708.73,37533356.16,53233806.82,41197708.73,41197708.73,4182045.32,4182045.32,4182045.32,-136280.343,-136280.343,-136280.343,4318325.663,4318325.663,4318325.663,0,0,0
10/15/2018,46996993.92,,41219689.95,38911437.4,54816839.72,41219689.95,41219689.95,5777303.976,5777303.976,5777303.976,972312.2545,972312.2545,972312.2545,4804991.722,4804991.722,4804991.722,0,0,0
10/17/2018,47987332.05,,41263652.39,40249979.18,56508891.29,41263652.39,41263652.39,6723679.661,6723679.661,6723679.661,1063122.678,1063122.678,1063122.678,5660556.983,5660556.983,5660556.983,0,0,0
10/18/2018,47738269.71,,41285633.61,39327404.95,55796154.95,41285633.61,41285633.61,6452636.104,6452636.104,6452636.104,436186.6716,436186.6716,436186.6716,6016449.432,6016449.432,6016449.432,0,0,0
10/19/2018,43559889.59,,41307614.83,35746389.99,51181096.06,41307614.83,41307614.83,2252274.763,2252274.763,2252274.763,-4065031.561,-4065031.561,-4065031.561,6317306.324,6317306.324,6317306.324,0,0,0
10/20/2018,47427908.9,,41329596.05,39987800.5,54922126.8,41329596.05,41329596.05,6098312.845,6098312.845,6098312.845,-460832.9329,-460832.9329,-460832.9329,6559145.778,6559145.778,6559145.778,0,0,0
10/21/2018,47954472.21,,41351577.27,39858606.59,56578769.94,41351577.27,41351577.27,6602894.936,6602894.936,6602894.936,-136280.343,-136280.343,-136280.343,6739175.279,6739175.279,6739175.279,0,0,0
10/22/2018,49201723.56,,41373558.49,40826928.14,57112744.18,41373558.49,41373558.49,7828165.07,7828165.07,7828165.07,972312.2545,972312.2545,972312.2545,6855852.815,6855852.815,6855852.815,0,0,0
10/23/2018,50494983.29,,41395539.71,42072944.26,57972581.47,41395539.71,41395539.71,9099443.581,9099443.581,9099443.581,2190523.233,2190523.233,2190523.233,6908920.348,6908920.348,6908920.348,0,0,0
10/24/2018,49380052.41,,41417520.93,41328616.95,57496563.78,41417520.93,41417520.93,7962531.473,7962531.473,7962531.473,1063122.678,1063122.678,1063122.678,6899408.795,6899408.795,6899408.795,0,0,0
10/25/2018,48705303.19,,41439502.15,41100272.37,56871952.76,41439502.15,41439502.15,7265801.036,7265801.036,7265801.036,436186.6716,436186.6716,436186.6716,6829614.364,6829614.364,6829614.364,0,0,0
10/26/2018,44099498.55,,41461483.37,36666095.57,52789953.75,41461483.37,41461483.37,2638015.177,2638015.177,2638015.177,-4065031.561,-4065031.561,-4065031.561,6703046.738,6703046.738,6703046.738,0,0,0
10/27/2018,47546981.95,,41483464.6,39713667.75,55547942.85,41483464.6,41483464.6,6063517.35,6063517.35,6063517.35,-460832.9329,-460832.9329,-460832.9329,6524350.283,6524350.283,6524350.283,0,0,0
10/28/2018,47668365.54,,41505445.82,39664376.96,55912000.78,41505445.82,41505445.82,6162919.725,6162919.725,6162919.725,-136280.343,-136280.343,-136280.343,6299200.068,6299200.068,6299200.068,0,0,0
10/29/2018,48533914.38,,41527427.04,39918753.5,56291589.18,41527427.04,41527427.04,7006487.348,7006487.348,7006487.348,972312.2545,972312.2545,972312.2545,6034175.093,6034175.093,6034175.093,0,0,0
10/31/2018,48047699.35,,41570136.67,39957106.02,56275659.51,41570136.67,41570136.67,6477562.678,6477562.678,6477562.678,1063122.678,1063122.678,1063122.678,5414440,5414440,5414440,0,0,0
11/1/2018,47103686.89,,41591491.48,39650592.73,55167778.55,41591491.48,41591491.48,5512195.408,5512195.408,5512195.408,436186.6716,436186.6716,436186.6716,5076008.736,5076008.736,5076008.736,0,0,0
11/7/2018,45959955.82,,41719620.38,37882543.6,53711427.93,41719620.38,41719620.38,4240335.446,4240335.446,4240335.446,1063122.678,1063122.678,1063122.678,3177212.768,3177212.768,3177212.768,0,0,0
11/8/2018,45132000.47,,41740975.19,37091981.72,53592529.23,41740975.19,41740975.19,3391025.276,3391025.276,3391025.276,436186.6716,436186.6716,436186.6716,2954838.604,2954838.604,2954838.604,0,0,0
11/9/2018,40473316.43,,41762330.01,31968709.4,48407869.56,41762330.01,41762330.01,-1289013.573,-1289013.573,-1289013.573,-4065031.561,-4065031.561,-4065031.561,2776017.989,2776017.989,2776017.989,0,0,0
11/10/2018,43967748.59,,41783684.82,35295745.82,52133128.19,41783684.82,41783684.82,2184063.763,2184063.763,2184063.763,-460832.9329,-460832.9329,-460832.9329,2644896.696,2644896.696,2644896.696,0,0,0
11/11/2018,44233239.57,,41805039.64,36803800.75,52938563.18,41805039.64,41805039.64,2428199.934,2428199.934,2428199.934,-136280.343,-136280.343,-136280.343,2564480.277,2564480.277,2564480.277,0,0,0
11/12/2018,45335283.52,,41826394.45,37129777.89,53220152.79,41826394.45,41826394.45,3508889.071,3508889.071,3508889.071,972312.2545,972312.2545,972312.2545,2536576.817,2536576.817,2536576.817,0,0,0
11/13/2018,46600039.18,,41847749.27,38783938.03,54823947.16,41847749.27,41847749.27,4752289.907,4752289.907,4752289.907,2190523.233,2190523.233,2190523.233,2561766.673,2561766.673,2561766.673,0,0,0
11/14/2018,45571626.38,,41869104.08,37052965.78,53941066.91,41869104.08,41869104.08,3702522.297,3702522.297,3702522.297,1063122.678,1063122.678,1063122.678,2639399.619,2639399.619,2639399.619,0,0,0
11/15/2018,45094264.73,,41890458.9,37613621.16,53805820.87,41890458.9,41890458.9,3203805.834,3203805.834,3203805.834,436186.6716,436186.6716,436186.6716,2767619.162,2767619.162,2767619.162,0,0,0
11/16/2018,40790195.35,,41911813.72,32411866.74,48856519.89,41911813.72,41911813.72,-1121618.367,-1121618.367,-1121618.367,-4065031.561,-4065031.561,-4065031.561,2943413.194,2943413.194,2943413.194,0,0,0
11/17/2018,44635025.12,,41933168.53,36768968.95,52850299.62,41933168.53,41933168.53,2701856.59,2701856.59,2701856.59,-460832.9329,-460832.9329,-460832.9329,3162689.523,3162689.523,3162689.523,0,0,0
11/18/2018,45238617.26,,41954523.33,36664704.01,53489794.38,41954523.33,41954523.33,3284093.93,3284093.93,3284093.93,-136280.343,-136280.343,-136280.343,3420374.273,3420374.273,3420374.273,0,0,0
11/19/2018,46658721.05,,41975878.14,38679547.15,55369024.38,41975878.14,41975878.14,4682842.91,4682842.91,4682842.91,972312.2545,972312.2545,972312.2545,3710530.655,3710530.655,3710530.655,0,0,0
11/20/2018,48214251.33,,41997232.94,39788776.18,56203742.21,41997232.94,41997232.94,6217018.383,6217018.383,6217018.383,2190523.233,2190523.233,2190523.233,4026495.149,4026495.149,4026495.149,0,0,0
11/21/2018,47442738.23,,42018587.75,39699007.5,55674511.59,42018587.75,42018587.75,5424150.48,5424150.48,5424150.48,1063122.678,1063122.678,1063122.678,4361027.803,4361027.803,4361027.803,0,0,0
11/22/2018,47182602.29,,42039942.55,39029028.87,55460230.35,42039942.55,42039942.55,5142659.737,5142659.737,5142659.737,436186.6716,436186.6716,436186.6716,4706473.066,4706473.066,4706473.066,0,0,0
11/23/2018,43051193.2,,42061297.36,34932268.96,51326856.46,42061297.36,42061297.36,989895.8392,989895.8392,989895.8392,-4065031.561,-4065031.561,-4065031.561,5054927.4,5054927.4,5054927.4,0,0,0
11/24/2018,47020229.04,,42082652.16,38997754.98,54614417.89,42082652.16,42082652.16,4937576.877,4937576.877,4937576.877,-460832.9329,-460832.9329,-460832.9329,5398409.81,5398409.81,5398409.81,0,0,0
11/25/2018,47696758.06,,42104006.97,39515070.64,55470350.87,42104006.97,42104006.97,5592751.092,5592751.092,5592751.092,-136280.343,-136280.343,-136280.343,5729031.435,5729031.435,5729031.435,0,0,0
11/26/2018,49136834.49,,42125361.77,41429972.89,57674207.14,42125361.77,42125361.77,7011472.72,7011472.72,7011472.72,972312.2545,972312.2545,972312.2545,6039160.466,6039160.466,6039160.466,0,0,0
11/28/2018,49800821.14,,42168071.38,41775975.76,58051100.37,42168071.38,42168071.38,7632749.76,7632749.76,7632749.76,1063122.678,1063122.678,1063122.678,6569627.083,6569627.083,6569627.083,0,0,0
11/29/2018,49402948.17,,42189426.18,41076479.19,56676995.47,42189426.18,42189426.18,7213521.985,7213521.985,7213521.985,436186.6716,436186.6716,436186.6716,6777335.314,6777335.314,6777335.314,0,0,0
12/1/2018,48823262.24,,42232135.79,40505337.21,57350212.47,42232135.79,42232135.79,6591126.453,6591126.453,6591126.453,-460832.9329,-460832.9329,-460832.9329,7051959.386,7051959.386,7051959.386,0,0,0
12/2/2018,49228365.81,,42253341.36,40889008.39,57175403.53,42253341.36,42253341.36,6975024.442,6975024.442,6975024.442,-136280.343,-136280.343,-136280.343,7111304.785,7111304.785,7111304.785,0,0,0
12/3/2018,50362153.16,,42274546.94,42317633.09,58398062.11,42274546.94,42274546.94,8087606.228,8087606.228,8087606.228,972312.2545,972312.2545,972312.2545,7115293.973,7115293.973,7115293.973,0,0,0
12/4/2018,51548974.8,,42295752.51,43899073.83,59714888.47,42295752.51,42295752.51,9253222.291,9253222.291,9253222.291,2190523.233,2190523.233,2190523.233,7062699.058,7062699.058,7062699.058,0,0,0
12/5/2018,50333429.75,,42316958.08,42840496.31,58454085.63,42316958.08,42316958.08,8016471.667,8016471.667,8016471.667,1063122.678,1063122.678,1063122.678,6953348.989,6953348.989,6953348.989,0,0,0
12/6/2018,49562464.13,,42338163.65,41561733.18,57580951.17,42338163.65,42338163.65,7224300.475,7224300.475,7224300.475,436186.6716,436186.6716,436186.6716,6788113.804,6788113.804,6788113.804,0,0,0
12/7/2018,44863205.43,,42359369.23,36841061.36,52672202.23,42359369.23,42359369.23,2503836.206,2503836.206,2503836.206,-4065031.561,-4065031.561,-4065031.561,6568867.767,6568867.767,6568867.767,0,0,0
12/8/2018,48218174.72,,42380574.8,40519344.35,55856516.34,42380574.8,42380574.8,5837599.92,5837599.92,5837599.92,-460832.9329,-460832.9329,-460832.9329,6298432.853,6298432.853,6298432.853,0,0,0
12/9/2018,48246004.42,,42401780.37,40810102.39,55869841.64,42401780.37,42401780.37,5844224.051,5844224.051,5844224.051,-136280.343,-136280.343,-136280.343,5980504.394,5980504.394,5980504.394,0,0,0
12/10/2018,49014859.27,,42422985.95,40735085.88,56436762.02,42422985.95,42422985.95,6591873.326,6591873.326,6591873.326,972312.2545,972312.2545,972312.2545,5619561.071,5619561.071,5619561.071,0,0,0
12/11/2018,49855476.49,,42444191.52,41996590.54,58058212.4,42444191.52,42444191.52,7411284.97,7411284.97,7411284.97,2190523.233,2190523.233,2190523.233,5220761.737,5220761.737,5220761.737,0,0,0
12/12/2018,48318351.49,,42465397.09,40458296,56107268.17,42465397.09,42465397.09,5852954.399,5852954.399,5852954.399,1063122.678,1063122.678,1063122.678,4789831.721,4789831.721,4789831.721,0,0,0
12/13/2018,47255730.79,,42486602.66,38745967.93,55537231.45,42486602.66,42486602.66,4769128.127,4769128.127,4769128.127,436186.6716,436186.6716,436186.6716,4332941.456,4332941.456,4332941.456,0,0,0
12/14/2018,42299356.98,,42507808.24,34168985.27,50862880.54,42507808.24,42507808.24,-208451.2542,-208451.2542,-208451.2542,-4065031.561,-4065031.561,-4065031.561,3856580.307,3856580.307,3856580.307,0,0,0
12/15/2018,45435609.34,,42529013.79,36924243.58,53472612.86,42529013.79,42529013.79,2906595.546,2906595.546,2906595.546,-460832.9329,-460832.9329,-460832.9329,3367428.479,3367428.479,3367428.479,0,0,0
12/16/2018,45286168.81,,42550219.35,37522825.39,52816696.21,42550219.35,42550219.35,2735949.465,2735949.465,2735949.465,-136280.343,-136280.343,-136280.343,2872229.808,2872229.808,2872229.808,0,0,0
12/17/2018,45921405.26,,42571424.91,37873016.38,53929272.2,42571424.91,42571424.91,3349980.356,3349980.356,3349980.356,972312.2545,972312.2545,972312.2545,2377668.102,2377668.102,2377668.102,0,0,0
12/18/2018,46673403.17,,42592630.46,38625206.55,54759257.3,42592630.46,42592630.46,4080772.711,4080772.711,4080772.711,2190523.233,2190523.233,2190523.233,1890249.477,1890249.477,1890249.477,0,0,0
12/19/2018,45093151.61,,42613836.02,37084945.64,52807579.26,42613836.02,42613836.02,2479315.588,2479315.588,2479315.588,1063122.678,1063122.678,1063122.678,1416192.91,1416192.91,1416192.91,0,0,0
12/20/2018,44032559.15,,42635041.58,36263803.7,52691029.1,42635041.58,42635041.58,1397517.572,1397517.572,1397517.572,436186.6716,436186.6716,436186.6716,961330.9,961330.9,961330.9,0,0,0
12/22/2018,42346695.03,,42677452.69,34667075.58,50362909.45,42677452.69,42677452.69,-330757.662,-330757.662,-330757.662,-460832.9329,-460832.9329,-460832.9329,130075.2709,130075.2709,130075.2709,0,0,0
12/23/2018,42325068.92,,42698658.25,34356169.79,50318117.65,42698658.25,42698658.25,-373589.3324,-373589.3324,-373589.3324,-136280.343,-136280.343,-136280.343,-237308.9894,-237308.9894,-237308.9894,0,0,0
12/24/2018,43124588.51,,42719863.81,35135737.35,51153049.13,42719863.81,42719863.81,404724.7019,404724.7019,404724.7019,972312.2545,972312.2545,972312.2545,-567587.5526,-567587.5526,-567587.5526,0,0,0
12/25/2018,44073686.93,,42741069.36,35856058.41,51837612.21,42741069.36,42741069.36,1332617.571,1332617.571,1332617.571,2190523.233,2190523.233,2190523.233,-857905.6625,-857905.6625,-857905.6625,0,0,0
1/4/2019,37462179.82,,42953124.93,29320281.74,46074454.77,42953124.93,42953124.93,-5490945.115,-5490945.115,-5490945.115,-4065031.561,-4065031.561,-4065031.561,-1425913.554,-1425913.554,-1425913.554,0,0,0
1/5/2019,41234585.39,,42974330.49,33459666.33,49704549.46,42974330.49,42974330.49,-1739745.1,-1739745.1,-1739745.1,-460832.9329,-460832.9329,-460832.9329,-1278912.167,-1278912.167,-1278912.167,0,0,0
1/6/2019,41752832.7,,42995536.05,33749798.63,49844497.51,42995536.05,42995536.05,-1242703.344,-1242703.344,-1242703.344,-136280.343,-136280.343,-136280.343,-1106423.001,-1106423.001,-1106423.001,0,0,0
1/7/2019,43076711.88,,43016741.6,34765872.32,51065922.76,43016741.6,43016741.6,59970.27619,59970.27619,59970.27619,972312.2545,972312.2545,972312.2545,-912341.9783,-912341.9783,-912341.9783,0,0,0
1/8/2019,44527771.26,,43037947.16,36900270.33,53053215.14,43037947.16,43037947.16,1489824.102,1489824.102,1489824.102,2190523.233,2190523.233,2190523.233,-700699.1314,-700699.1314,-700699.1314,0,0,0
1/9/2019,43646676.06,,43059152.71,36217890.36,51865384.65,43059152.71,43059152.71,587523.3476,587523.3476,587523.3476,1063122.678,1063122.678,1063122.678,-475599.3301,-475599.3301,-475599.3301,0,0,0
1/10/2019,43275378.77,,43080358.27,34718131.42,50951202.14,43080358.27,43080358.27,195020.503,195020.503,195020.503,436186.6716,436186.6716,436186.6716,-241166.1686,-241166.1686,-241166.1686,0,0,0
1/11/2019,39035042.8,,43101563.83,31156376.92,47351711.62,43101563.83,43101563.83,-4066521.022,-4066521.022,-4066521.022,-4065031.561,-4065031.561,-4065031.561,-1489.460553,-1489.460553,-1489.460553,0,0,0
1/12/2019,42901359.84,,43122769.38,34686011.19,51084496.71,43122769.38,43122769.38,-221409.5434,-221409.5434,-221409.5434,-460832.9329,-460832.9329,-460832.9329,239423.3896,239423.3896,239423.3896,0,0,0
1/13/2019,43485386.63,,43143974.94,35302901.09,51991339.54,43143974.94,43143974.94,341411.6882,341411.6882,341411.6882,-136280.343,-136280.343,-136280.343,477692.0313,477692.0313,477692.0313,0,0,0
1/14/2019,44847096.61,,43165180.49,36501193,53172446.08,43165180.49,43165180.49,1681916.118,1681916.118,1681916.118,972312.2545,972312.2545,972312.2545,709603.8632,709603.8632,709603.8632,0,0,0
1/15/2019,46308560.21,,43186386.05,38353917.31,54602468.9,43186386.05,43186386.05,3122174.164,3122174.164,3122174.164,2190523.233,2190523.233,2190523.233,931650.9306,931650.9306,931650.9306,0,0,0
1/16/2019,45411277.55,,43207591.6,37746086.54,53260332.98,43207591.6,43207591.6,2203685.942,2203685.942,2203685.942,1063122.678,1063122.678,1063122.678,1140563.264,1140563.264,1140563.264,0,0,0
1/17/2019,44998322.79,,43228797.16,37155122.88,52833389.76,43228797.16,43228797.16,1769525.633,1769525.633,1769525.633,436186.6716,436186.6716,436186.6716,1333338.962,1333338.962,1333338.962,0,0,0
1/18/2019,40692242.49,,43250002.72,32751405.07,48658871.16,43250002.72,43250002.72,-2557760.23,-2557760.23,-2557760.23,-4065031.561,-4065031.561,-4065031.561,1507271.332,1507271.332,1507271.332,0,0,0
1/19/2019,44470348.77,,43271208.27,36329478.21,52317479.54,43271208.27,43271208.27,1199140.498,1199140.498,1199140.498,-460832.9329,-460832.9329,-460832.9329,1659973.431,1659973.431,1659973.431,0,0,0
1/20/2019,44945533.75,,43292413.83,36652716.95,52739018.82,43292413.83,43292413.83,1653119.929,1653119.929,1653119.929,-136280.343,-136280.343,-136280.343,1789400.272,1789400.272,1789400.272,0,0,0
1/21/2019,46179800.57,,43313619.38,37664249.78,54040764.05,43313619.38,43313619.38,2866181.186,2866181.186,2866181.186,972312.2545,972312.2545,972312.2545,1893868.932,1893868.932,1893868.932,0,0,0
1/22/2019,47497424.88,,43334824.93,39542435.41,56233044.28,43334824.93,43334824.93,4162599.948,4162599.948,4162599.948,2190523.233,2190523.233,2190523.233,1972076.715,1972076.715,1972076.715,0,0,0
1/29/2019,47434947.73,,43483263.81,39576993.57,55406524.17,43483263.81,43483263.81,3951683.911,3951683.911,3951683.911,2190523.233,2190523.233,2190523.233,1761160.677,1761160.677,1761160.677,0,0,0
1/30/2019,46199928.92,,43504469.37,38225184.74,54051232.89,43504469.37,43504469.37,2695459.547,2695459.547,2695459.547,1063122.678,1063122.678,1063122.678,1632336.869,1632336.869,1632336.869,0,0,0
1/31/2019,45446391.4,,43525674.92,37255597,52994826.93,43525674.92,43525674.92,1920716.472,1920716.472,1920716.472,436186.6716,436186.6716,436186.6716,1484529.8,1484529.8,1484529.8,0,0,0
2/1/2019,40802545.09,,43546880.48,32472471.29,49085049.65,43546880.48,43546880.48,-2744335.383,-2744335.383,-2744335.383,-4065031.561,-4065031.561,-4065031.561,1320696.178,1320696.178,1320696.178,0,0,0
2/2/2019,44251432.71,,43568086.03,35991614.35,52323985.35,43568086.03,43568086.03,683346.6824,683346.6824,683346.6824,-460832.9329,-460832.9329,-460832.9329,1144179.615,1144179.615,1144179.615,0,0,0
2/3/2019,44411691.87,,43589291.59,35872927.91,52391726.03,43589291.59,43589291.59,822400.2862,822400.2862,822400.2862,-136280.343,-136280.343,-136280.343,958680.6292,958680.6292,958680.6292,0,0,0
2/4/2019,45351028.58,,43610497.14,37716774.88,53189666.08,43610497.14,43610497.14,1740531.444,1740531.444,1740531.444,972312.2545,972312.2545,972312.2545,768219.1892,768219.1892,768219.1892,0,0,0
2/5/2019,46399315.49,,43631702.7,38106953.38,54247290.02,43631702.7,43631702.7,2767612.799,2767612.799,2767612.799,2190523.233,2190523.233,2190523.233,577089.5654,577089.5654,577089.5654,0,0,0
2/6/2019,45105838.3,,43652908.21,37221989.99,52978657.01,43652908.21,43652908.21,1452930.088,1452930.088,1452930.088,1063122.678,1063122.678,1063122.678,389807.4107,389807.4107,389807.4107,0,0,0
2/7/2019,44321349.61,,43674113.72,36226469.96,52115665.64,43674113.72,43674113.72,647235.888,647235.888,647235.888,436186.6716,436186.6716,436186.6716,211049.2165,211049.2165,211049.2165,0,0,0
2/8/2019,39675872.19,,43695319.24,32180062.94,48019096.27,43695319.24,43695319.24,-4019447.046,-4019447.046,-4019447.046,-4065031.561,-4065031.561,-4065031.561,45584.51537,45584.51537,45584.51537,0,0,0
2/9/2019,43153893.26,,43716524.75,35354887.85,50774419.69,43716524.75,43716524.75,-562631.4907,-562631.4907,-562631.4907,-460832.9329,-460832.9329,-460832.9329,-101798.5578,-101798.5578,-101798.5578,0,0,0
2/10/2019,43375076.44,,43737730.27,35283471.18,51225793.86,43737730.27,43737730.27,-362653.8246,-362653.8246,-362653.8246,-136280.343,-136280.343,-136280.343,-226373.4816,-226373.4816,-226373.4816,0,0,0
2/11/2019,44407687.8,,43758935.78,36381902.09,51927434.26,43758935.78,43758935.78,648752.0241,648752.0241,648752.0241,972312.2545,972312.2545,972312.2545,-323560.2304,-323560.2304,-323560.2304,0,0,0
2/12/2019,45581651.05,,43780141.29,37651133.97,53591825.48,43780141.29,43780141.29,1801509.757,1801509.757,1801509.757,2190523.233,2190523.233,2190523.233,-389013.4761,-389013.4761,-389013.4761,0,0,0
2/13/2019,44445756.94,,43801346.81,36441659.05,51905668.86,43801346.81,43801346.81,644410.1352,644410.1352,644410.1352,1063122.678,1063122.678,1063122.678,-418712.5425,-418712.5425,-418712.5425,0,0,0
2/14/2019,43849687.64,,43822552.32,35636201.22,52222103.77,43822552.32,43822552.32,27135.31413,27135.31413,27135.31413,436186.6716,436186.6716,436186.6716,-409051.3574,-409051.3574,-409051.3574,0,0,0
2/15/2019,39421799.78,,43843757.83,30846598.28,47377139.26,43843757.83,43843757.83,-4421958.05,-4421958.05,-4421958.05,-4065031.561,-4065031.561,-4065031.561,-356926.4892,-356926.4892,-356926.4892,0,0,0
2/16/2019,43144309.17,,43864963.35,34552422.98,51147194.05,43864963.35,43864963.35,-720654.1761,-720654.1761,-720654.1761,-460832.9329,-460832.9329,-460832.9329,-259821.2432,-259821.2432,-259821.2432,0,0,0
2/17/2019,43634004.79,,43886168.86,35403748.33,52145102.15,43886168.86,43886168.86,-252164.072,-252164.072,-252164.072,-136280.343,-136280.343,-136280.343,-115883.729,-115883.729,-115883.729,0,0,0
2/18/2019,44955689.84,,43907374.38,37041663.86,52782626.61,43907374.38,43907374.38,1048315.458,1048315.458,1048315.458,972312.2545,972312.2545,972312.2545,76003.20372,76003.20372,76003.20372,0,0,0
2/19/2019,46435265.33,,43928579.89,38947011.5,55093224.23,43928579.89,43928579.89,2506685.448,2506685.448,2506685.448,2190523.233,2190523.233,2190523.233,316162.2145,316162.2145,316162.2145,0,0,0
2/20/2019,45616981.93,,43949785.4,37716559.25,53828517.8,43949785.4,43949785.4,1667196.535,1667196.535,1667196.535,1063122.678,1063122.678,1063122.678,604073.8577,604073.8577,604073.8577,0,0,0
2/21/2019,45345520.47,,43970990.91,36657912.37,53425493.15,43970990.91,43970990.91,1374529.561,1374529.561,1374529.561,436186.6716,436186.6716,436186.6716,938342.8898,938342.8898,938342.8898,0,0,0
2/22/2019,41243844.92,,43992196.42,33312213.03,49328334.36,43992196.42,43992196.42,-2748351.496,-2748351.496,-2748351.496,-4065031.561,-4065031.561,-4065031.561,1316680.065,1316680.065,1316680.065,0,0,0
2/23/2019,45288469.7,,44013401.93,37121312.23,52895267.4,44013401.93,44013401.93,1275067.774,1275067.774,1275067.774,-460832.9329,-460832.9329,-460832.9329,1735900.707,1735900.707,1735900.707,0,0,0
2/24/2019,46090268.11,,44034607.44,38174708.51,54402233.49,44034607.44,44034607.44,2055660.674,2055660.674,2055660.674,-136280.343,-136280.343,-136280.343,2191941.017,2191941.017,2191941.017,0,0,0
2/25/2019,47708017.93,,44055812.94,39614559.38,55452563.19,44055812.94,44055812.94,3652204.982,3652204.982,3652204.982,972312.2545,972312.2545,972312.2545,2679892.727,2679892.727,2679892.727,0,0,0
2/26/2019,49461597.96,,44077018.45,41980240.14,57755274.87,44077018.45,44077018.45,5384579.502,5384579.502,5384579.502,2190523.233,2190523.233,2190523.233,3194056.268,3194056.268,3194056.268,0,0,0
2/27/2019,48889358.89,,44098223.96,40573643.45,56986124.36,44098223.96,44098223.96,4791134.922,4791134.922,4791134.922,1063122.678,1063122.678,1063122.678,3728012.244,3728012.244,3728012.244,0,0,0
2/28/2019,48830326.66,,44119429.47,40541000.64,56664200.36,44119429.47,44119429.47,4710897.186,4710897.186,4710897.186,436186.6716,436186.6716,436186.6716,4274710.514,4274710.514,4274710.514,0,0,0
3/1/2019,44902179.19,,44140634.98,37143220.34,53304106.11,44140634.98,44140634.98,761544.2099,761544.2099,761544.2099,-4065031.561,-4065031.561,-4065031.561,4826575.771,4826575.771,4826575.771,0,0,0
3/2/2019,49076635.61,,44161840.49,41068624.62,57509077.59,44161840.49,44161840.49,4914795.115,4914795.115,4914795.115,-460832.9329,-460832.9329,-460832.9329,5375628.048,5375628.048,5375628.048,0,0,0
3/3/2019,49960381.81,,44183045.98,42163867.51,58180837.68,44183045.98,44183045.98,5777335.834,5777335.834,5777335.834,-136280.343,-136280.343,-136280.343,5913616.177,5913616.177,5913616.177,0,0,0
3/4/2019,51608725.56,,44204251.47,42791651.22,59880187.91,44204251.47,44204251.47,7404474.088,7404474.088,7404474.088,972312.2545,972312.2545,972312.2545,6432161.834,6432161.834,6432161.834,0,0,0
3/5/2019,53338891.65,,44225456.96,45272377.13,61864606.28,44225456.96,44225456.96,9113434.696,9113434.696,9113434.696,2190523.233,2190523.233,2190523.233,6922911.462,6922911.462,6922911.462,0,0,0
3/6/2019,52687478.2,,44246662.44,44991878.47,60663700.43,44246662.44,44246662.44,8440815.754,8440815.754,8440815.754,1063122.678,1063122.678,1063122.678,7377693.076,7377693.076,7377693.076,0,0,0
3/7/2019,52492729.33,,44267867.93,43819768.14,60841916.86,44267867.93,44267867.93,8224861.4,8224861.4,8224861.4,436186.6716,436186.6716,436186.6716,7788674.728,7788674.728,7788674.728,0,0,0
3/8/2019,48372563.11,,44289073.42,40365283.7,56258758.15,44289073.42,44289073.42,4083489.693,4083489.693,4083489.693,-4065031.561,-4065031.561,-4065031.561,8148521.254,8148521.254,8148521.254,0,0,0
3/9/2019,52299991.83,,44310278.9,44080362.91,59432751.03,44310278.9,44310278.9,7989712.922,7989712.922,7989712.922,-460832.9329,-460832.9329,-460832.9329,8450545.855,8450545.855,8450545.855,0,0,0
3/10/2019,52884057.1,,44331484.39,45269988.85,61315561.58,44331484.39,44331484.39,8552572.706,8552572.706,8552572.706,-136280.343,-136280.343,-136280.343,8688853.049,8688853.049,8688853.049,0,0,0
3/11/2019,54183471.78,,44352689.88,46263500.52,62105509.64,44352689.88,44352689.88,9830781.899,9830781.899,9830781.899,972312.2545,972312.2545,972312.2545,8858469.645,8858469.645,8858469.645,0,0,0
3/12/2019,55519879.14,,44373895.37,47149196.84,62942967.85,44373895.37,44373895.37,11145983.77,11145983.77,11145983.77,2190523.233,2190523.233,2190523.233,8955460.536,8955460.536,8955460.536,0,0,0
3/13/2019,54435249.92,,44395100.85,46522694.34,62484372.06,44395100.85,44395100.85,10040149.07,10040149.07,10040149.07,1063122.678,1063122.678,1063122.678,8977026.388,8977026.388,8977026.388,0,0,0
3/14/2019,53774073.61,,44416306.34,45247024.12,61967281.5,44416306.34,44416306.34,9357767.272,9357767.272,9357767.272,436186.6715,436186.6715,436186.6715,8921580.6,8921580.6,8921580.6,0,0,0
3/15/2019,49161283.62,,44437511.83,41269501.71,57083787.01,44437511.83,44437511.83,4723771.79,4723771.79,4723771.79,-4065031.561,-4065031.561,-4065031.561,8788803.351,8788803.351,8788803.351,0,0,0
3/16/2019,52577555.37,,44458717.31,45053383.94,61049366.5,44458717.31,44458717.31,8118838.054,8118838.054,8118838.054,-460832.9329,-460832.9329,-460832.9329,8579670.987,8579670.987,8579670.987,0,0,0
3/17/2019,52640101.98,,44479922.79,44129731.46,60480602.09,44479922.79,44479922.79,8160179.185,8160179.185,8160179.185,-136280.343,-136280.343,-136280.343,8296459.528,8296459.528,8296459.528,0,0,0
3/18/2019,53416162.18,,44501128.28,45419533.28,61220260.83,44501128.28,44501128.28,8915033.902,8915033.902,8915033.902,972312.2545,972312.2545,972312.2545,7942721.647,7942721.647,7942721.647,0,0,0
3/19/2019,54236094.03,,44522333.76,46048231.85,61880076.72,44522333.76,44522333.76,9713760.273,9713760.273,9713760.273,2190523.233,2190523.233,2190523.233,7523237.039,7523237.039,7523237.039,0,0,0
3/20/2019,52650598.64,,44543539.24,44253825.3,61274019.65,44543539.24,44543539.24,8107059.402,8107059.402,8107059.402,1063122.678,1063122.678,1063122.678,7043936.725,7043936.725,7043936.725,0,0,0
3/21/2019,51512733.8,,44564744.72,43708633.14,60174795.95,44564744.72,44564744.72,6947989.082,6947989.082,6947989.082,436186.6716,436186.6716,436186.6716,6511802.411,6511802.411,6511802.411,0,0,0
3/22/2019,46455661.29,,44585950.2,38538823.14,54509751.26,44585950.2,44585950.2,1869711.082,1869711.082,1869711.082,-4065031.561,-4065031.561,-4065031.561,5934742.643,5934742.643,5934742.643,0,0,0
3/23/2019,49467770.77,,44607155.69,40827381.45,57188361.78,44607155.69,44607155.69,4860615.089,4860615.089,4860615.089,-460832.9329,-460832.9329,-460832.9329,5321448.022,5321448.022,5321448.022,0,0,0
3/24/2019,49173309.1,,44628361.17,41549326.26,56957410.58,44628361.17,44628361.17,4544947.93,4544947.93,4544947.93,-136280.343,-136280.343,-136280.343,4681228.273,4681228.273,4681228.273,0,0,0
3/25/2019,49645713.33,,44649566.65,41703046.63,57457705.25,44649566.65,44649566.65,4996146.684,4996146.684,4996146.684,972312.2545,972312.2545,972312.2545,4023834.429,4023834.429,4023834.429,0,0,0
3/26/2019,50220565.12,,44670772.13,42494643.94,58665840.64,44670772.13,44670772.13,5549792.988,5549792.988,5549792.988,2190523.233,2190523.233,2190523.233,3359269.755,3359269.755,3359269.755,0,0,0
3/28/2019,47198090.4,,44713183.1,39405277.78,55893202.33,44713183.1,44713183.1,2484907.305,2484907.305,2484907.305,436186.6716,436186.6716,436186.6716,2048720.633,2048720.633,2048720.633,0,0,0
3/29/2019,42091581.91,,44734388.58,34402252.39,49726038.96,44734388.58,44734388.58,-2642806.667,-2642806.667,-2642806.667,-4065031.561,-4065031.561,-4065031.561,1422224.894,1422224.894,1422224.894,0,0,0
3/30/2019,45121905.52,,44755594.06,36591090.75,54239104.29,44755594.06,44755594.06,366311.4573,366311.4573,366311.4573,-460832.9329,-460832.9329,-460832.9329,827144.3903,827144.3903,827144.3903,0,0,0
3/31/2019,44912318.26,,44776799.54,37177675.5,52972808.8,44776799.54,44776799.54,135518.7199,135518.7199,135518.7199,-136280.343,-136280.343,-136280.343,271799.0629,271799.0629,271799.0629,0,0,0
4/1/2019,45533938.33,,44798005.03,37064405.8,53262439.1,44798005.03,44798005.03,735933.3007,735933.3007,735933.3007,972312.2545,972312.2545,972312.2545,-236378.9538,-236378.9538,-236378.9538,0,0,0
4/2/2019,46318736.46,,44819210.51,37932144.13,54890137.13,44819210.51,44819210.51,1499525.957,1499525.957,1499525.957,2190523.233,2190523.233,2190523.233,-690997.2768,-690997.2768,-690997.2768,0,0,0
4/3/2019,44816704.44,,44840415.99,36808341.62,52864969.55,44840415.99,44840415.99,-23711.54757,-23711.54757,-23711.54757,1063122.678,1063122.678,1063122.678,-1086834.225,-1086834.225,-1086834.225,0,0,0
4/4/2019,43877862.36,,44861621.47,35576263.88,51443185.82,44861621.47,44861621.47,-983759.1153,-983759.1153,-983759.1153,436186.6716,436186.6716,436186.6716,-1419945.787,-1419945.787,-1419945.787,0,0,0
4/5/2019,39130049.27,,44882826.96,31013637.16,47358456.06,44882826.96,44882826.96,-5752777.684,-5752777.684,-5752777.684,-4065031.561,-4065031.561,-4065031.561,-1687746.123,-1687746.123,-1687746.123,0,0,0
4/6/2019,42554139.79,,44904032.44,35190479.55,50684060.2,44904032.44,44904032.44,-2349892.645,-2349892.645,-2349892.645,-460832.9329,-460832.9329,-460832.9329,-1889059.712,-1889059.712,-1889059.712,0,0,0
4/7/2019,42764813.72,,44925237.92,34862863.33,51090776.35,44925237.92,44925237.92,-2160424.203,-2160424.203,-2160424.203,-136280.343,-136280.343,-136280.343,-2024143.86,-2024143.86,-2024143.86,0,0,0
4/8/2019,43824074.71,,44946443.4,35847025.08,52180944.58,44946443.4,44946443.4,-1122368.694,-1122368.694,-1122368.694,972312.2545,972312.2545,972312.2545,-2094680.949,-2094680.949,-2094680.949,0,0,0
4/9/2019,45054431.63,,44967648.88,37219373.65,52567886.74,44967648.88,44967648.88,86782.74535,86782.74535,86782.74535,2190523.233,2190523.233,2190523.233,-2103740.488,-2103740.488,-2103740.488,0,0,0
4/10/2019,43996265.34,,44988854.37,36658246.73,52035634.37,44988854.37,44988854.37,-992589.0223,-992589.0223,-992589.0223,1063122.678,1063122.678,1063122.678,-2055711.7,-2055711.7,-2055711.7,0,0,0
4/11/2019,43490038.5,,45010059.85,35504383.77,51361623.88,45010059.85,45010059.85,-1520021.344,-1520021.344,-1520021.344,436186.6715,436186.6715,436186.6715,-1956208.016,-1956208.016,-1956208.016,0,0,0
4/12/2019,39154288.25,,45031265.33,30285348.83,47121142.8,45031265.33,45031265.33,-5876977.079,-5876977.079,-5876977.079,-4065031.561,-4065031.561,-4065031.561,-1811945.518,-1811945.518,-1811945.518,0,0,0
4/13/2019,42961039.96,,45052470.81,34815282.48,51305124.37,45052470.81,45052470.81,-2091430.852,-2091430.852,-2091430.852,-460832.9329,-460832.9329,-460832.9329,-1630597.919,-1630597.919,-1630597.919,0,0,0
4/14/2019,43516764.74,,45073676.3,35484180.68,51425550.16,45073676.3,45073676.3,-1556911.56,-1556911.56,-1556911.56,-136280.343,-136280.343,-136280.343,-1420631.217,-1420631.217,-1420631.217,0,0,0
4/17/2019,45488764.26,,45137292.74,37069705.05,53504899.74,45137292.74,45137292.74,351471.5172,351471.5172,351471.5172,1063122.678,1063122.678,1063122.678,-711651.1606,-711651.1606,-711651.1606,0,0,0
4/18/2019,45113583.88,,45158498.22,36952404.96,53346678.02,45158498.22,45158498.22,-44914.34019,-44914.34019,-44914.34019,436186.6716,436186.6716,436186.6716,-481101.0118,-481101.0118,-481101.0118,0,0,0
4/23/2019,47671829.44,,45264525.63,39482925.1,56110710.43,45264525.63,45264525.63,2407303.803,2407303.803,2407303.803,2190523.233,2190523.233,2190523.233,216780.57,216780.57,216780.57,0,0,0
4/24/2019,46561107.27,,45285731.12,37746307.47,54526138.58,45285731.12,45285731.12,1275376.156,1275376.156,1275376.156,1063122.678,1063122.678,1063122.678,212253.4781,212253.4781,212253.4781,0,0,0
4/25/2019,45889711.14,,45306936.6,37929544.83,54070806.4,45306936.6,45306936.6,582774.5466,582774.5466,582774.5466,436186.6716,436186.6716,436186.6716,146587.8751,146587.8751,146587.8751,0,0,0
4/26/2019,41279704.93,,45328142.08,33353159.98,49322368.74,45328142.08,45328142.08,-4048437.146,-4048437.146,-4048437.146,-4065031.561,-4065031.561,-4065031.561,16594.41569,16594.41569,16594.41569,0,0,0
4/27/2019,44708962.76,,45349347.56,36341232.4,52323952.11,45349347.56,45349347.56,-640384.7991,-640384.7991,-640384.7991,-460832.9329,-460832.9329,-460832.9329,-179551.8662,-179551.8662,-179551.8662,0,0,0
4/29/2019,45593485.1,,45391758.53,37381436.59,53546977.96,45391758.53,45391758.53,201726.5709,201726.5709,201726.5709,972312.2545,972312.2545,972312.2545,-770585.6836,-770585.6836,-770585.6836,0,0,0
4/30/2019,46441376.51,,45412963.99,38244259.18,54721270.28,45412963.99,45412963.99,1028412.513,1028412.513,1028412.513,2190523.233,2190523.233,2190523.233,-1162110.72,-1162110.72,-1162110.72,0,0,0
5/1/2019,44884158.24,,45434169.46,37119612.26,53266545.08,45434169.46,45434169.46,-550011.2247,-550011.2247,-550011.2247,1063122.678,1063122.678,1063122.678,-1613133.902,-1613133.902,-1613133.902,0,0,0
5/2/2019,43772884.98,,45455374.93,35380078.96,52280925.14,45455374.93,45455374.93,-1682489.95,-1682489.95,-1682489.95,436186.6716,436186.6716,436186.6716,-2118676.621,-2118676.621,-2118676.621,0,0,0
5/3/2019,38738950.34,,45476580.4,30710852.64,47219539.9,45476580.4,45476580.4,-6737630.052,-6737630.052,-6737630.052,-4065031.561,-4065031.561,-4065031.561,-2672598.491,-2672598.491,-2672598.491,0,0,0
5/4/2019,41769231.47,,45497785.86,34013780.35,49565495.18,45497785.86,45497785.86,-3728554.393,-3728554.393,-3728554.393,-460832.9329,-460832.9329,-460832.9329,-3267721.46,-3267721.46,-3267721.46,0,0,0
5/7/2019,42535841.4,,45561402.27,35011746.37,50695511.39,45561402.27,45561402.27,-3025560.869,-3025560.869,-3025560.869,2190523.233,2190523.233,2190523.233,-5216084.103,-5216084.103,-5216084.103,0,0,0
5/8/2019,40756897.52,,45582607.73,32900592.4,49318870.25,45582607.73,45582607.73,-4825710.212,-4825710.212,-4825710.212,1063122.678,1063122.678,1063122.678,-5888832.889,-5888832.889,-5888832.889,0,0,0
5/9/2019,39483138.2,,45603813.2,32040928.77,47078719.91,45603813.2,45603813.2,-6120674.998,-6120674.998,-6120674.998,436186.6716,436186.6716,436186.6716,-6556861.669,-6556861.669,-6556861.669,0,0,0
5/10/2019,34349753.31,,45625018.67,26295242.56,42227032.21,45625018.67,45625018.67,-11275265.36,-11275265.36,-11275265.36,-4065031.561,-4065031.561,-4065031.561,-7210233.8,-7210233.8,-7210233.8,0,0,0
5/11/2019,37346194.94,,45646224.14,29068446.74,45414581.95,45646224.14,45646224.14,-8300029.198,-8300029.198,-8300029.198,-460832.9329,-460832.9329,-460832.9329,-7839196.265,-7839196.265,-7839196.265,0,0,0
5/12/2019,37096790.3,,45667429.6,29369259.95,45879591.1,45667429.6,45667429.6,-8570639.307,-8570639.307,-8570639.307,-136280.343,-136280.343,-136280.343,-8434358.964,-8434358.964,-8434358.964,0,0,0
5/19/2019,34666867.51,,45815867.88,26651093.41,42749319.23,45815867.88,45815867.88,-11149000.37,-11149000.37,-11149000.37,-136280.343,-136280.343,-136280.343,-11012720.02,-11012720.02,-11012720.02,0,0,0
5/21/2019,36958058.4,,45858278.81,29219852.96,45211279.46,45858278.81,45858278.81,-8900220.41,-8900220.41,-8900220.41,2190523.233,2190523.233,2190523.233,-11090743.64,-11090743.64,-11090743.64,0,0,0
5/22/2019,35931587.02,,45879484.27,27789659.49,43845461.3,45879484.27,45879484.27,-9947897.253,-9947897.253,-9947897.253,1063122.678,1063122.678,1063122.678,-11011019.93,-11011019.93,-11011019.93,0,0,0
5/23/2019,35482748.92,,45900689.73,28179435.05,43950005.35,45900689.73,45900689.73,-10417940.81,-10417940.81,-10417940.81,436186.6716,436186.6716,436186.6716,-10854127.48,-10854127.48,-10854127.48,0,0,0
5/24/2019,31233900.09,,45921895.19,23709962.16,39112303.56,45921895.19,45921895.19,-14687995.1,-14687995.1,-14687995.1,-4065031.561,-4065031.561,-4065031.561,-10622963.54,-10622963.54,-10622963.54,0,0,0
5/25/2019,35160805.34,,45943100.64,26499516.28,43474216.43,45943100.64,45943100.64,-10782295.3,-10782295.3,-10782295.3,-460832.9329,-460832.9329,-460832.9329,-10321462.37,-10321462.37,-10321462.37,0,0,0
5/26/2019,35873523.37,,45964306.1,27151181.62,43885514.73,45964306.1,45964306.1,-10090782.73,-10090782.73,-10090782.73,-136280.343,-136280.343,-136280.343,-9954502.39,-9954502.39,-9954502.39,0,0,0
5/27/2019,37430024.68,,45985511.56,29218039.99,45367178.45,45985511.56,45985511.56,-8555486.883,-8555486.883,-8555486.883,972312.2545,972312.2545,972312.2545,-9527799.137,-9527799.137,-9527799.137,0,0,0
5/28/2019,39149453.61,,46006717.02,31459868.1,47248231.57,46006717.02,46006717.02,-6857263.411,-6857263.411,-6857263.411,2190523.233,2190523.233,2190523.233,-9047786.645,-9047786.645,-9047786.645,0,0,0
5/29/2019,38569555.08,,46027922.47,30515095.22,46404678.35,46027922.47,46027922.47,-7458367.396,-7458367.396,-7458367.396,1063122.678,1063122.678,1063122.678,-8521490.074,-8521490.074,-8521490.074,0,0,0
5/30/2019,38528922.23,,46049127.93,30165537.66,46330105.17,46049127.93,46049127.93,-7520205.698,-7520205.698,-7520205.698,436186.6716,436186.6716,436186.6716,-7956392.369,-7956392.369,-7956392.369,0,0,0
5/31/2019,34645004.04,,46070333.39,26386946.93,42276927.52,46070333.39,46070333.39,-11425329.35,-11425329.35,-11425329.35,-4065031.561,-4065031.561,-4065031.561,-7360297.786,-7360297.786,-7360297.786,0,0,0
6/1/2019,38889510.85,,46091538.85,30708021.46,47507376.33,46091538.85,46091538.85,-7202027.997,-7202027.997,-7202027.997,-460832.9329,-460832.9329,-460832.9329,-6741195.064,-6741195.064,-6741195.064,0,0,0
6/2/2019,39869341.07,,46112744.31,31452191.3,47582060.65,46112744.31,46112744.31,-6243403.239,-6243403.239,-6243403.239,-136280.343,-136280.343,-136280.343,-6107122.896,-6107122.896,-6107122.896,0,0,0
6/3/2019,41640221.83,,46133949.76,33641883.29,49460549.33,46133949.76,46133949.76,-4493727.922,-4493727.922,-4493727.922,972312.2545,972312.2545,972312.2545,-5466040.177,-5466040.177,-5466040.177,0,0,0
6/4/2019,43519975.15,,46155155.21,35313436.27,51676646.67,46155155.21,46155155.21,-2635180.059,-2635180.059,-2635180.059,2190523.233,2190523.233,2190523.233,-4825703.292,-4825703.292,-4825703.292,0,0,0
6/5/2019,43045930.89,,46176360.66,34405440.48,50907731.94,46176360.66,46176360.66,-3130429.765,-3130429.765,-3130429.765,1063122.678,1063122.678,1063122.678,-4193552.443,-4193552.443,-4193552.443,0,0,0
6/6/2019,43057144.04,,46197566.11,35100221.31,51502525.88,46197566.11,46197566.11,-3140422.067,-3140422.067,-3140422.067,436186.6716,436186.6716,436186.6716,-3576608.738,-3576608.738,-3576608.738,0,0,0
6/7/2019,39172356.56,,46218771.56,31654695.18,46811509.36,46218771.56,46218771.56,-7046414.998,-7046414.998,-7046414.998,-4065031.561,-4065031.561,-4065031.561,-2981383.437,-2981383.437,-2981383.437,0,0,0
6/8/2019,43365343.64,,46239977.01,35666033.33,51415798.4,46239977.01,46239977.01,-2874633.371,-2874633.371,-2874633.371,-460832.9329,-460832.9329,-460832.9329,-2413800.438,-2413800.438,-2413800.438,0,0,0
6/9/2019,44245769.37,,46261182.47,36096787.63,52257122.76,46261182.47,46261182.47,-2015413.093,-2015413.093,-2015413.093,-136280.343,-136280.343,-136280.343,-1879132.75,-1879132.75,-1879132.75,0,0,0
6/10/2019,45872746.8,,46282387.92,37604107.12,54086735.9,46282387.92,46282387.92,-409641.1167,-409641.1167,-409641.1167,972312.2545,972312.2545,972312.2545,-1381953.371,-1381953.371,-1381953.371,0,0,0
6/11/2019,47568015.92,,46303593.37,38987560.33,55866667.23,46303593.37,46303593.37,1264422.553,1264422.553,1264422.553,2190523.233,2190523.233,2190523.233,-926100.6799,-926100.6799,-926100.6799,0,0,0
6/12/2019,46873263.35,,46324798.82,38706999.24,54781764.74,46324798.82,46324798.82,548464.5322,548464.5322,548464.5322,1063122.678,1063122.678,1063122.678,-514658.1455,-514658.1455,-514658.1455,0,0,0
6/13/2019,46632243.06,,46346004.27,37878224.26,54345117.19,46346004.27,46346004.27,286238.7851,286238.7851,286238.7851,436186.6716,436186.6716,436186.6716,-149947.8865,-149947.8865,-149947.8865,0,0,0
6/14/2019,42468640.79,,46367209.72,34241102.06,50909334.31,46367209.72,46367209.72,-3898568.929,-3898568.929,-3898568.929,-4065031.561,-4065031.561,-4065031.561,166462.6325,166462.6325,166462.6325,0,0,0
6/15/2019,46361323.94,,46388415.17,38120918.11,53987965.91,46388415.17,46388415.17,-27091.23866,-27091.23866,-27091.23866,-460832.9329,-460832.9329,-460832.9329,433741.6943,433741.6943,433741.6943,0,0,0
6/16/2019,46925103.59,,46409620.62,39093831.55,55144659.37,46409620.62,46409620.62,515482.9718,515482.9718,515482.9718,-136280.343,-136280.343,-136280.343,651763.3148,651763.3148,651763.3148,0,0,0
6/17/2019,48224205.69,,46430826.07,40629352.4,56059524.46,46430826.07,46430826.07,1793379.618,1793379.618,1793379.618,972312.2545,972312.2545,972312.2545,821067.3631,821067.3631,821067.3631,0,0,0
6/18/2019,49585365.91,,46452031.52,41276263.71,57977250.41,46452031.52,46452031.52,3133334.393,3133334.393,3133334.393,2190523.233,2190523.233,2190523.233,942811.1596,942811.1596,942811.1596,0,0,0
6/19/2019,48555073.6,,46473236.96,40464847.99,56605453.05,46473236.96,46473236.96,2081836.638,2081836.638,2081836.638,1063122.678,1063122.678,1063122.678,1018713.96,1018713.96,1018713.96,0,0,0
6/20/2019,47981624.85,,46494442.41,40164694.84,55825466.79,46494442.41,46494442.41,1487182.436,1487182.436,1487182.436,436186.6716,436186.6716,436186.6716,1050995.764,1050995.764,1050995.764,0,0,0
6/22/2019,47071704.97,,46536853.31,38931775.1,55361822.39,46536853.31,46536853.31,534851.6664,534851.6664,534851.6664,-460832.9329,-460832.9329,-460832.9329,995684.5993,995684.5993,995684.5993,0,0,0
6/23/2019,47336211.88,,46558058.76,39322337.13,55286546.84,46558058.76,46558058.76,778153.126,778153.126,778153.126,-136280.343,-136280.343,-136280.343,914433.469,914433.469,914433.469,0,0,0
6/24/2019,48353681.61,,46579264.2,40150411.81,56194131.31,46579264.2,46579264.2,1774417.402,1774417.402,1774417.402,972312.2545,972312.2545,972312.2545,802105.1478,802105.1478,802105.1478,0,0,0
6/26/2019,48183923.95,,46621675.1,40260007.78,55557756.17,46621675.1,46621675.1,1562248.855,1562248.855,1562248.855,1063122.678,1063122.678,1063122.678,499126.1774,499126.1774,499126.1774,0,0,0
6/27/2019,47395159.75,,46642880.55,38930795.3,55730431.05,46642880.55,46642880.55,752279.2048,752279.2048,752279.2048,436186.6716,436186.6716,436186.6716,316092.5333,316092.5333,316092.5333,0,0,0
6/28/2019,42716144.96,,46664085.99,34442134.36,51094019.48,46664085.99,46664085.99,-3947941.032,-3947941.032,-3947941.032,-4065031.561,-4065031.561,-4065031.561,117090.5289,117090.5289,117090.5289,0,0,0
6/29/2019,46130274.93,,46685291.44,38349998.76,54341426.48,46685291.44,46685291.44,-555016.5142,-555016.5142,-555016.5142,-460832.9329,-460832.9329,-460832.9329,-94183.58129,-94183.58129,-94183.58129,0,0,0
6/30/2019,46256040.43,,46706496.89,37796008.78,54746407.47,46706496.89,46706496.89,-450456.4606,-450456.4606,-450456.4606,-136280.343,-136280.343,-136280.343,-314176.1176,-314176.1176,-314176.1176,0,0,0
7/1/2019,47160492.24,,46727702.34,39393815.93,55416517.25,46727702.34,46727702.34,432789.9079,432789.9079,432789.9079,972312.2545,972312.2545,972312.2545,-539522.3466,-539522.3466,-539522.3466,0,0,0
7/2/2019,48172343.75,,46748907.78,40704872.36,56811376.27,46748907.78,46748907.78,1423435.962,1423435.962,1423435.962,2190523.233,2190523.233,2190523.233,-767087.2712,-767087.2712,-767087.2712,0,0,0
7/3/2019,46839235.29,,46770113.23,38737895.82,54876425.61,46770113.23,46770113.23,69122.0589,69122.0589,69122.0589,1063122.678,1063122.678,1063122.678,-994000.6188,-994000.6188,-994000.6188,0,0,0
7/4/2019,46009819.45,,46791318.68,38026015.14,54286634.32,46791318.68,46791318.68,-781499.2242,-781499.2242,-781499.2242,436186.6716,436186.6716,436186.6716,-1217685.896,-1217685.896,-1217685.896,0,0,0
7/5/2019,41311609.12,,46812524.13,33639024.8,49576355.08,46812524.13,46812524.13,-5500915.01,-5500915.01,-5500915.01,-4065031.561,-4065031.561,-4065031.561,-1435883.449,-1435883.449,-1435883.449,0,0,0
7/6/2019,44726229.1,,46833729.57,36663086.69,52843015.99,46833729.57,46833729.57,-2107500.475,-2107500.475,-2107500.475,-460832.9329,-460832.9329,-460832.9329,-1646667.542,-1646667.542,-1646667.542,0,0,0
7/7/2019,44870197.17,,46854935.02,36825483.29,53406715.23,46854935.02,46854935.02,-1984737.846,-1984737.846,-1984737.846,-136280.343,-136280.343,-136280.343,-1848457.503,-1848457.503,-1848457.503,0,0,0
7/8/2019,45808429.67,,46876140.47,37863443.28,53962210,46876140.47,46876140.47,-1067710.801,-1067710.801,-1067710.801,972312.2545,972312.2545,972312.2545,-2040023.055,-2040023.055,-2040023.055,0,0,0
7/9/2019,46867385.18,,46897345.91,38180835.42,54640895.14,46897345.91,46897345.91,-29960.73365,-29960.73365,-29960.73365,2190523.233,2190523.233,2190523.233,-2220483.967,-2220483.967,-2220483.967,0,0,0
7/10/2019,45592369.84,,46918551.36,37274261.99,53733351.71,46918551.36,46918551.36,-1326181.524,-1326181.524,-1326181.524,1063122.678,1063122.678,1063122.678,-2389304.201,-2389304.201,-2389304.201,0,0,0
7/11/2019,44829662.71,,46939756.81,36480674.52,53530572.35,46939756.81,46939756.81,-2110094.096,-2110094.096,-2110094.096,436186.6716,436186.6716,436186.6716,-2546280.768,-2546280.768,-2546280.768,0,0,0
7/12/2019,40204403.18,,46960962.26,32376059.31,48404910.67,46960962.26,46960962.26,-6756559.077,-6756559.077,-6756559.077,-4065031.561,-4065031.561,-4065031.561,-2691527.516,-2691527.516,-2691527.516,0,0,0
7/13/2019,43695880.64,,46982167.7,35483508.2,52081458.52,46982167.7,46982167.7,-3286287.062,-3286287.062,-3286287.062,-460832.9329,-460832.9329,-460832.9329,-2825454.129,-2825454.129,-2825454.129,0,0,0
7/14/2019,43918352.19,,47003373.15,36212290.55,52076874.76,47003373.15,47003373.15,-3085020.96,-3085020.96,-3085020.96,-136280.343,-136280.343,-136280.343,-2948740.617,-2948740.617,-2948740.617,0,0,0
7/15/2019,44934583.21,,47024578.6,36752204.71,52678923.85,47024578.6,47024578.6,-2089995.385,-2089995.385,-2089995.385,972312.2545,972312.2545,972312.2545,-3062307.64,-3062307.64,-3062307.64,0,0,0
7/16/2019,46069024.24,,47045784.05,38023471.22,54283052.12,47045784.05,47045784.05,-976759.8028,-976759.8028,-976759.8028,2190523.233,2190523.233,2190523.233,-3167283.036,-3167283.036,-3167283.036,0,0,0
7/17/2019,44865147.2,,47066989.49,36988613.01,53163287.72,47066989.49,47066989.49,-2201842.296,-2201842.296,-2201842.296,1063122.678,1063122.678,1063122.678,-3264964.974,-3264964.974,-3264964.974,0,0,0
7/18/2019,44167599.42,,47088194.94,35908521.74,52810536.71,47088194.94,47088194.94,-2920595.521,-2920595.521,-2920595.521,436186.6716,436186.6716,436186.6716,-3356782.192,-3356782.192,-3356782.192,0,0,0
7/22/2019,44449185.19,,47173016.73,36408838.79,52313341.17,47173016.73,47173016.73,-2723831.544,-2723831.544,-2723831.544,972312.2545,972312.2545,972312.2545,-3696143.799,-3696143.799,-3696143.799,0,0,0
7/23/2019,45603138.74,,47194222.18,37764802.85,53101658.09,47194222.18,47194222.18,-1591083.437,-1591083.437,-1591083.437,2190523.233,2190523.233,2190523.233,-3781606.67,-3781606.67,-3781606.67,0,0,0
7/24/2019,44408478.94,,47215427.63,36650254.7,53292302.34,47215427.63,47215427.63,-2806948.688,-2806948.688,-2806948.688,1063122.678,1063122.678,1063122.678,-3870071.366,-3870071.366,-3870071.366,0,0,0
7/25/2019,43710171.41,,47236633.08,36198040.65,51492573.5,47236633.08,47236633.08,-3526461.669,-3526461.669,-3526461.669,436186.6716,436186.6716,436186.6716,-3962648.34,-3962648.34,-3962648.34,0,0,0
7/26/2019,39132575.88,,47257838.52,30811068.39,47353908.1,47257838.52,47257838.52,-8125262.648,-8125262.648,-8125262.648,-4065031.561,-4065031.561,-4065031.561,-4060231.086,-4060231.086,-4060231.086,0,0,0
7/28/2019,42891275.04,,47300249.42,34849651.96,50382708.91,47300249.42,47300249.42,-4408974.377,-4408974.377,-4408974.377,-136280.343,-136280.343,-136280.343,-4272694.034,-4272694.034,-4272694.034,0,0,0
7/29/2019,43905787.3,,47321454.87,35891141.23,51493810.8,47321454.87,47321454.87,-3415667.567,-3415667.567,-3415667.567,972312.2545,972312.2545,972312.2545,-4387979.821,-4387979.821,-4387979.821,0,0,0
7/30/2019,45024145.87,,47342660.31,37054472.62,54002653.37,47342660.31,47342660.31,-2318514.447,-2318514.447,-2318514.447,2190523.233,2190523.233,2190523.233,-4509037.68,-4509037.68,-4509037.68,0,0,0
7/31/2019,43791741.83,,47363865.76,35535040.69,51845253.95,47363865.76,47363865.76,-3572123.93,-3572123.93,-3572123.93,1063122.678,1063122.678,1063122.678,-4635246.608,-4635246.608,-4635246.608,0,0,0
8/1/2019,43055617.82,,47385071.21,35206862.84,51367070.13,47385071.21,47385071.21,-4329453.39,-4329453.39,-4329453.39,436186.6716,436186.6716,436186.6716,-4765640.061,-4765640.061,-4765640.061,0,0,0
8/2/2019,38442335.8,,47406276.66,30441121.76,47063461.8,47406276.66,47406276.66,-8963940.859,-8963940.859,-8963940.859,-4065031.561,-4065031.561,-4065031.561,-4898909.298,-4898909.298,-4898909.298,0,0,0
8/17/2019,41601835.96,,47724358.37,33289483.91,49466786.27,47724358.37,47724358.37,-6122522.415,-6122522.415,-6122522.415,-460832.9329,-460832.9329,-460832.9329,-5661689.482,-5661689.482,-5661689.482,0,0,0
8/18/2019,42089822.35,,47745563.82,34343136.2,49665073.48,47745563.82,47745563.82,-5655741.471,-5655741.471,-5655741.471,-136280.343,-136280.343,-136280.343,-5519461.128,-5519461.128,-5519461.128,0,0,0
8/19/2019,43394226.83,,47766769.27,35044619.62,51438498.42,47766769.27,47766769.27,-4372542.435,-4372542.435,-4372542.435,972312.2545,972312.2545,972312.2545,-5344854.689,-5344854.689,-5344854.689,0,0,0
8/20/2019,44840040.11,,47787974.71,36025834,52763054.93,47787974.71,47787974.71,-2947934.605,-2947934.605,-2947934.605,2190523.233,2190523.233,2190523.233,-5138457.839,-5138457.839,-5138457.839,0,0,0
8/21/2019,43970828.96,,47809180.16,35629395.28,52468421.08,47809180.16,47809180.16,-3838351.201,-3838351.201,-3838351.201,1063122.678,1063122.678,1063122.678,-4901473.878,-4901473.878,-4901473.878,0,0,0
8/22/2019,43630842.91,,47830385.61,35674353.49,51275162.05,47830385.61,47830385.61,-4199542.703,-4199542.703,-4199542.703,436186.6716,436186.6716,436186.6716,-4635729.375,-4635729.375,-4635729.375,0,0,0
8/23/2019,39442891.77,,47851591.06,31896486.38,47580794.72,47851591.06,47851591.06,-8408699.285,-8408699.285,-8408699.285,-4065031.561,-4065031.561,-4065031.561,-4343667.724,-4343667.724,-4343667.724,0,0,0
8/24/2019,43383635.44,,47872796.51,35695055.1,51232412.93,47872796.51,47872796.51,-4489161.064,-4489161.064,-4489161.064,-460832.9329,-460832.9329,-460832.9329,-4028328.131,-4028328.131,-4028328.131,0,0,0
8/25/2019,44064411.78,,47894001.95,35851901.42,52262153.66,47894001.95,47894001.95,-3829590.172,-3829590.172,-3829590.172,-136280.343,-136280.343,-136280.343,-3693309.829,-3693309.829,-3693309.829,0,0,0
8/26/2019,45544797.94,,47915207.4,37822488.63,53368839.77,47915207.4,47915207.4,-2370409.465,-2370409.465,-2370409.465,972312.2545,972312.2545,972312.2545,-3342721.719,-3342721.719,-3342721.719,0,0,0
8/27/2019,47145818.11,,47936412.85,39336950.95,55509321.61,47936412.85,47936412.85,-790594.7398,-790594.7398,-790594.7398,2190523.233,2190523.233,2190523.233,-2981117.973,-2981117.973,-2981117.973,0,0,0
8/28/2019,46407320.45,,47957618.3,38766046.67,55274129.95,47957618.3,47957618.3,-1550297.842,-1550297.842,-1550297.842,1063122.678,1063122.678,1063122.678,-2613420.52,-2613420.52,-2613420.52,0,0,0
8/29/2019,46170180.72,,47978823.74,38040071.56,54127506.51,47978823.74,47978823.74,-1808643.02,-1808643.02,-1808643.02,436186.6716,436186.6716,436186.6716,-2244829.691,-2244829.691,-2244829.691,0,0,0
8/30/2019,42054272.97,,48000029.19,33891418.58,49913108.68,48000029.19,48000029.19,-5945756.218,-5945756.218,-5945756.218,-4065031.561,-4065031.561,-4065031.561,-1880724.657,-1880724.657,-1880724.657,0,0,0
8/31/2019,46033846.13,,48021234.64,38352086.98,54859491.03,48021234.64,48021234.64,-1987388.512,-1987388.512,-1987388.512,-460832.9329,-460832.9329,-460832.9329,-1526555.579,-1526555.579,-1526555.579,0,0,0
9/1/2019,46718430.03,,48042440.09,38698751.97,54815623.77,48042440.09,48042440.09,-1324010.06,-1324010.06,-1324010.06,-136280.343,-136280.343,-136280.343,-1187729.717,-1187729.717,-1187729.717,0,0,0
9/2/2019,48166463.86,,48063645.53,40211847.17,56098849.71,48063645.53,48063645.53,102818.3233,102818.3233,102818.3233,972312.2545,972312.2545,972312.2545,-869493.9312,-869493.9312,-869493.9312,0,0,0
9/3/2019,49698557.99,,48084850.98,41682046.31,57846313.18,48084850.98,48084850.98,1613707.004,1613707.004,1613707.004,2190523.233,2190523.233,2190523.233,-576816.2293,-576816.2293,-576816.2293,0,0,0
9/4/2019,48854910,,48106056.43,40787082.07,56865232.91,48106056.43,48106056.43,748853.5666,748853.5666,748853.5666,1063122.678,1063122.678,1063122.678,-314269.1111,-314269.1111,-314269.1111,0,0,0
9/5/2019,48477531.02,,48127261.88,39880575.89,56369231.54,48127261.88,48127261.88,350269.1417,350269.1417,350269.1417,436186.6716,436186.6716,436186.6716,-85917.52983,-85917.52983,-85917.52983,0,0,0
9/6/2019,44188221.49,,48148467.32,36402870.38,52307155.68,48148467.32,48148467.32,-3960245.836,-3960245.836,-3960245.836,-4065031.561,-4065031.561,-4065031.561,104785.7249,104785.7249,104785.7249,0,0,0
9/7/2019,47963934.34,,48169672.77,39548905.85,55852599.6,48169672.77,48169672.77,-205738.4322,-205738.4322,-205738.4322,-460832.9329,-460832.9329,-460832.9329,255094.5008,255094.5008,255094.5008,0,0,0
9/8/2019,48417648.92,,48190878.22,40514854.81,56597684.7,48190878.22,48190878.22,226770.7021,226770.7021,226770.7021,-136280.343,-136280.343,-136280.343,363051.0451,363051.0451,363051.0451,0,0,0
9/9/2019,49611948.63,,48212083.67,41766248.98,57726310.55,48212083.67,48212083.67,1399864.965,1399864.965,1399864.965,972312.2545,972312.2545,972312.2545,427552.7106,427552.7106,427552.7106,0,0,0
9/10/2019,50872213.9,,48233289.12,42867433.04,58620370.04,48233289.12,48233289.12,2638924.782,2638924.782,2638924.782,2190523.233,2190523.233,2190523.233,448401.5486,448401.5486,448401.5486,0,0,0
9/11/2019,49743952.32,,48254494.56,41954218.23,57893586.91,48254494.56,48254494.56,1489457.76,1489457.76,1489457.76,1063122.678,1063122.678,1063122.678,426335.0821,426335.0821,426335.0821,0,0,0
9/13/2019,44493000.49,,48296905.46,36028025.3,52710683.2,48296905.46,48296905.46,-3803904.969,-3803904.969,-3803904.969,-4065031.561,-4065031.561,-4065031.561,261126.5919,261126.5919,261126.5919,0,0,0
9/14/2019,47981405.48,,48318110.91,39971121.25,56038200.35,48318110.91,48318110.91,-336705.4229,-336705.4229,-336705.4229,-460832.9329,-460832.9329,-460832.9329,124127.51,124127.51,124127.51,0,0,0
9/15/2019,48159450.39,,48339316.35,39986513.24,55959603.08,48339316.35,48339316.35,-179865.9663,-179865.9663,-179865.9663,-136280.343,-136280.343,-136280.343,-43585.62329,-43585.62329,-43585.62329,0,0,0
9/16/2019,49095973.54,,48360521.8,40749503.28,57135948.18,48360521.8,48360521.8,735451.7377,735451.7377,735451.7377,972312.2545,972312.2545,972312.2545,-236860.5168,-236860.5168,-236860.5168,0,0,0
9/17/2019,50122390.25,,48381727.25,42313125.35,58309525.84,48381727.25,48381727.25,1740663,1740663,1740663,2190523.233,2190523.233,2190523.233,-449860.2334,-449860.2334,-449860.2334,0,0,0
9/18/2019,48789881.41,,48402932.7,41207106.31,57333837.85,48402932.7,48402932.7,386948.712,386948.712,386948.712,1063122.678,1063122.678,1063122.678,-676173.9657,-676173.9657,-676173.9657,0,0,0
9/19/2019,47951381.32,,48424138.14,40114555.83,56380885.78,48424138.14,48424138.14,-472756.8241,-472756.8241,-472756.8241,436186.6716,436186.6716,436186.6716,-908943.4957,-908943.4957,-908943.4957,0,0,0
9/20/2019,43239309.24,,48445343.59,34893306.69,51118169.55,48445343.59,48445343.59,-5206034.355,-5206034.355,-5206034.355,-4065031.561,-4065031.561,-4065031.561,-1141002.793,-1141002.793,-1141002.793,0,0,0
9/21/2019,46640688.27,,48466549.04,38130885.37,54735336.15,48466549.04,48466549.04,-1825860.771,-1825860.771,-1825860.771,-460832.9329,-460832.9329,-460832.9329,-1365027.838,-1365027.838,-1365027.838,0,0,0
9/22/2019,46777780.71,,48487754.49,38985688.15,55017983.6,48487754.49,48487754.49,-1709973.778,-1709973.778,-1709973.778,-136280.343,-136280.343,-136280.343,-1573693.435,-1573693.435,-1573693.435,0,0,0
9/23/2019,47721438.64,,48508959.93,39728449.09,55807212.68,48508959.93,48508959.93,-787521.2926,-787521.2926,-787521.2926,972312.2545,972312.2545,972312.2545,-1759833.547,-1759833.547,-1759833.547,0,0,0
9/24/2019,48804087.08,,48530165.38,40912935.06,57110166.12,48530165.38,48530165.38,273921.7022,273921.7022,273921.7022,2190523.233,2190523.233,2190523.233,-1916601.531,-1916601.531,-1916601.531,0,0,0
9/25/2019,47576866.95,,48551370.83,39348158.55,56196793.39,48551370.83,48551370.83,-974503.8801,-974503.8801,-974503.8801,1063122.678,1063122.678,1063122.678,-2037626.558,-2037626.558,-2037626.558,0,0,0
9/26/2019,46891600.41,,48572576.28,38661260.19,54870571.39,48572576.28,48572576.28,-1680975.866,-1680975.866,-1680975.866,436186.6716,436186.6716,436186.6716,-2117162.537,-2117162.537,-2117162.537,0,0,0
9/27/2019,42378524.2,,48593781.73,33904254.37,50605423.04,48593781.73,48593781.73,-6215257.529,-6215257.529,-6215257.529,-4065031.561,-4065031.561,-4065031.561,-2150225.967,-2150225.967,-2150225.967,0,0,0
9/28/2019,46021434.93,,48614987.17,37881473.69,54216606.68,48614987.17,48614987.17,-2593552.246,-2593552.246,-2593552.246,-460832.9329,-460832.9329,-460832.9329,-2132719.313,-2132719.313,-2132719.313,0,0,0
9/29/2019,46438375.46,,48636192.62,38735828.82,54172548.03,48636192.62,48636192.62,-2197817.158,-2197817.158,-2197817.158,-136280.343,-136280.343,-136280.343,-2061536.815,-2061536.815,-2061536.815,0,0,0
9/30/2019,47695060.34,,48657398.07,40078035.92,55679261.45,48657398.07,48657398.07,-962337.7257,-962337.7257,-962337.7257,972312.2545,972312.2545,972312.2545,-1934649.98,-1934649.98,-1934649.98,0,0,0
10/1/2019,49117956.31,,48678603.52,41232523.3,57619449.65,48678603.52,48678603.52,439352.7892,439352.7892,439352.7892,2190523.233,2190523.233,2190523.233,-1751170.444,-1751170.444,-1751170.444,0,0,0
10/2/2019,48251543.25,,48699808.96,40041374.85,56340202.4,48699808.96,48699808.96,-448265.717,-448265.717,-448265.717,1063122.678,1063122.678,1063122.678,-1511388.395,-1511388.395,-1511388.395,0,0,0
10/3/2019,47940415.79,,48721014.41,39698810.21,56095381.14,48721014.41,48721014.41,-780598.6201,-780598.6201,-780598.6201,436186.6716,436186.6716,436186.6716,-1216785.292,-1216785.292,-1216785.292,0,0,0
10/4/2019,43807168.09,,48742219.86,35663979.91,51817853.52,48742219.86,48742219.86,-4935051.771,-4935051.771,-4935051.771,-4065031.561,-4065031.561,-4065031.561,-870020.2099,-870020.2099,-870020.2099,0,0,0
10/5/2019,47827702.63,,48763425.31,39651631.34,56099929.58,48763425.31,48763425.31,-935722.6778,-935722.6778,-935722.6778,-460832.9329,-460832.9329,-460832.9329,-474889.7448,-474889.7448,-474889.7448,0,0,0
10/6/2019,48612088.37,,48784630.75,40375341.16,55747630.54,48784630.75,48784630.75,-172542.3839,-172542.3839,-172542.3839,-136280.343,-136280.343,-136280.343,-36262.04094,-36262.04094,-36262.04094,0,0,0
10/7/2019,50218162.33,,48805836.2,42247182.44,57893512.29,48805836.2,48805836.2,1412326.13,1412326.13,1412326.13,972312.2545,972312.2545,972312.2545,440013.8757,440013.8757,440013.8757,0,0,0
10/8/2019,51964786.57,,48827041.65,43882805,60306125.95,48827041.65,48827041.65,3137744.918,3137744.918,3137744.918,2190523.233,2190523.233,2190523.233,947221.6843,947221.6843,947221.6843,0,0,0
10/9/2019,51389281.71,,48848247.1,42901080.63,59313678.96,48848247.1,48848247.1,2541034.616,2541034.616,2541034.616,1063122.678,1063122.678,1063122.678,1477911.939,1477911.939,1477911.939,0,0,0
10/10/2019,51329693.19,,48869452.55,43563175.47,59549808.36,48869452.55,48869452.55,2460240.641,2460240.641,2460240.641,436186.6716,436186.6716,436186.6716,2024053.97,2024053.97,2024053.97,0,0,0
10/11/2019,47402828.66,,48890657.99,39673442.98,55260707.39,48890657.99,48890657.99,-1487829.334,-1487829.334,-1487829.334,-4065031.561,-4065031.561,-4065031.561,2577202.227,2577202.227,2577202.227,0,0,0
10/12/2019,51579703.89,,48911863.44,43950922.97,59673571.66,48911863.44,48911863.44,2667840.454,2667840.454,2667840.454,-460832.9329,-460832.9329,-460832.9329,3128673.387,3128673.387,3128673.387,0,0,0
10/13/2019,52466518.82,,48933068.89,43884658.14,60466765.36,48933068.89,48933068.89,3533449.934,3533449.934,3533449.934,-136280.343,-136280.343,-136280.343,3669730.277,3669730.277,3669730.277,0,0,0
10/14/2019,54118355.05,,48954274.34,45848471.7,62337513.64,48954274.34,48954274.34,5164080.717,5164080.717,5164080.717,972312.2545,972312.2545,972312.2545,4191768.462,4191768.462,4191768.462,0,0,0
10/15/2019,55852504.26,,48975479.78,48121118.74,63755285.94,48975479.78,48975479.78,6877024.48,6877024.48,6877024.48,2190523.233,2190523.233,2190523.233,4686501.247,4686501.247,4686501.247,0,0,0
10/17/2019,55017634.97,,49017890.68,47270875.17,62896993.25,49017890.68,49017890.68,5999744.292,5999744.292,5999744.292,436186.6716,436186.6716,436186.6716,5563557.62,5563557.62,5563557.62,0,0,0
10/18/2019,50906519.94,,49039096.13,42845012.79,59343176.81,49039096.13,49039096.13,1867423.809,1867423.809,1867423.809,-4065031.561,-4065031.561,-4065031.561,5932455.37,5932455.37,5932455.37,0,0,0
10/19/2019,54846957.83,,49060301.57,46897978.15,63054764.05,49060301.57,49060301.57,5786656.255,5786656.255,5786656.255,-460832.9329,-460832.9329,-460832.9329,6247489.188,6247489.188,6247489.188,0,0,0
10/20/2019,55449619.19,,49081507.02,47083000.61,64033798.8,49081507.02,49081507.02,6368112.168,6368112.168,6368112.168,-136280.343,-136280.343,-136280.343,6504392.511,6504392.511,6504392.511,0,0,0
10/21/2019,56775093.42,,49102712.47,48783932.6,64628909.03,49102712.47,49102712.47,7672380.955,7672380.955,7672380.955,972312.2545,972312.2545,972312.2545,6700068.701,6700068.701,6700068.701,0,0,0
10/22/2019,58147100.03,,49123917.92,49623417.62,65895723.34,49123917.92,49123917.92,9023182.114,9023182.114,9023182.114,2190523.233,2190523.233,2190523.233,6832658.88,6832658.88,6832658.88,0,0,0
10/23/2019,57109828.47,,49145123.36,48876499.44,65909489.65,49145123.36,49145123.36,7964705.108,7964705.108,7964705.108,1063122.678,1063122.678,1063122.678,6901582.431,6901582.431,6901582.431,0,0,0
10/24/2019,56510064.62,,49166328.81,48223822.11,64461330.82,49166328.81,49166328.81,7343735.804,7343735.804,7343735.804,436186.6716,436186.6716,436186.6716,6907549.133,6907549.133,6907549.133,0,0,0
10/25/2019,51975045.34,,49187534.26,43704723.57,60328653.05,49187534.26,49187534.26,2787511.084,2787511.084,2787511.084,-4065031.561,-4065031.561,-4065031.561,6852542.646,6852542.646,6852542.646,0,0,0
10/26/2019,55487682.42,,49208739.71,47209314.05,63759368.41,49208739.71,49208739.71,6278942.709,6278942.709,6278942.709,-460832.9329,-460832.9329,-460832.9329,6739775.642,6739775.642,6739775.642,0,0,0
10/27/2019,55667282.43,,49229945.16,48005743.47,64735134.58,49229945.16,49229945.16,6437337.274,6437337.274,6437337.274,-136280.343,-136280.343,-136280.343,6573617.617,6573617.617,6573617.617,0,0,0
10/28/2019,56582959.86,,49251150.6,48588387.29,64893199.55,49251150.6,49251150.6,7331809.261,7331809.261,7331809.261,972312.2545,972312.2545,972312.2545,6359497.006,6359497.006,6359497.006,0,0,0
10/29/2019,57566659.14,,49272356.05,48900545.57,66484300.22,49272356.05,49272356.05,8294303.086,8294303.086,8294303.086,2190523.233,2190523.233,2190523.233,6103779.853,6103779.853,6103779.853,0,0,0
10/30/2019,56170311.99,,49293561.5,48239561.2,64581975.01,49293561.5,49293561.5,6876750.496,6876750.496,6876750.496,1063122.678,1063122.678,1063122.678,5813627.818,5813627.818,5813627.818,0,0,0
10/31/2019,55247792.41,,49314766.95,47657875.93,63628366.01,49314766.95,49314766.95,5933025.465,5933025.465,5933025.465,436186.6716,436186.6716,436186.6716,5496838.794,5496838.794,5496838.794,0,0,0
11/1/2019,50432614.62,49398208,49335972.39,41885190.01,59392265.45,49335972.39,49335972.39,1096642.225,1096642.225,1096642.225,-4065031.561,-4065031.561,-4065031.561,5161673.786,5161673.786,5161673.786,0,0,0
11/2/2019,53713018.96,52861588,49357177.84,46120262.1,61559979.4,49357177.84,49357177.84,4355841.119,4355841.119,4355841.119,-460832.9329,-460832.9329,-460832.9329,4816674.052,4816674.052,4816674.052,0,0,0
11/3/2019,53712575.62,56257964,49378383.29,46084635.65,61688101.52,49378383.29,49378383.29,4334192.33,4334192.33,4334192.33,-136280.343,-136280.343,-136280.343,4470472.673,4470472.673,4470472.673,0,0,0
11/4/2019,54503505.87,52976700,49399588.74,46331293.14,63065183.89,49399586.04,49399588.74,5103917.132,5103917.132,5103917.132,972312.2545,972312.2545,972312.2545,4131604.877,4131604.877,4131604.877,0,0,0
11/5/2019,55419638.84,53745796,49420794.18,47617924.14,63972034.34,49420780.2,49420801.74,5998844.657,5998844.657,5998844.657,2190523.233,2190523.233,2190523.233,3808321.424,3808321.424,3808321.424,0,0,0
11/6/2019,54013531.59,55480824,49441999.63,46064059.16,63098193.36,49441971.12,49442021.4,4571531.961,4571531.961,4571531.961,1063122.678,1063122.678,1063122.678,3508409.284,3508409.284,3508409.284,0,0,0
11/7/2019,53138415.38,54638848,49463205.08,44735777.78,61235573.51,49463152.5,49463246.72,3675210.304,3675210.304,3675210.304,436186.6716,436186.6716,436186.6716,3239023.632,3239023.632,3239023.632,0,0,0
11/8/2019,48425913.88,48378884,49484410.53,40082808.94,56286653.5,49484330.79,49484476.83,-1058496.647,-1058496.647,-1058496.647,-4065031.561,-4065031.561,-4065031.561,3006534.915,3006534.915,3006534.915,0,0,0
11/9/2019,51861177.38,51963824,49505615.97,42949721.4,59815020.95,49505504.7,49505704.48,2355561.407,2355561.407,2355561.407,-460832.9329,-460832.9329,-460832.9329,2816394.34,2816394.34,2816394.34,0,0,0
11/10/2019,52063561.8,66672588,49526821.42,43180480.19,60065636.99,49526677.44,49526928.68,2536740.38,2536740.38,2536740.38,-136280.343,-136280.343,-136280.343,2673020.723,2673020.723,2673020.723,0,0,0
