ds,yhat,Actuals,trend,yhat_lower,yhat_upper,trend_lower,trend_upper,additive_terms,additive_terms_lower,additive_terms_upper,weekly,weekly_lower,weekly_upper,multiplicative_terms,multiplicative_terms_lower,multiplicative_terms_upper
8/1/2018,37308582.53,,36267042.24,28882478.83,46374890.16,36267042.24,36267042.24,1041540.295,1041540.295,1041540.295,1041540.295,1041540.295,1041540.295,0,0,0
8/2/2018,36893228.31,,36350216.54,27560674.24,45740367.4,36350216.54,36350216.54,543011.7746,543011.7746,543011.7746,543011.7746,543011.7746,543011.7746,0,0,0
8/3/2018,32268070.97,,36433390.84,23269284.49,40838674.22,36433390.84,36433390.84,-4165319.866,-4165319.866,-4165319.866,-4165319.866,-4165319.866,-4165319.866,0,0,0
8/4/2018,36095446.51,,36516565.13,27274845.59,45155295.4,36516565.13,36516565.13,-421118.6196,-421118.6196,-421118.6196,-421118.6196,-421118.6196,-421118.6196,0,0,0
8/5/2018,36360241.41,,36599739.43,27423262.35,45833048.29,36599739.43,36599739.43,-239498.0238,-239498.0238,-239498.0238,-239498.0238,-239498.0238,-239498.0238,0,0,0
8/7/2018,38748369.41,,36766088.03,30203545.23,47588983.48,36766088.03,36766088.03,1982281.376,1982281.376,1982281.376,1982281.376,1982281.376,1982281.376,0,0,0
8/8/2018,37890802.62,,36849262.33,28697817.41,46761293.62,36849262.33,36849262.33,1041540.295,1041540.295,1041540.295,1041540.295,1041540.295,1041540.295,0,0,0
8/9/2018,37475448.4,,36932436.63,28034081.23,46077867.49,36932436.63,36932436.63,543011.7746,543011.7746,543011.7746,543011.7746,543011.7746,543011.7746,0,0,0
8/10/2018,32850291.06,,37015610.92,23282939.25,42440067,37015610.92,37015610.92,-4165319.866,-4165319.866,-4165319.866,-4165319.866,-4165319.866,-4165319.866,0,0,0
8/11/2018,36677666.6,,37098785.22,27787076,46210258.87,37098785.22,37098785.22,-421118.6196,-421118.6196,-421118.6196,-421118.6196,-421118.6196,-421118.6196,0,0,0
8/12/2018,36942461.5,,37181959.52,27870510.78,45878305.96,37181959.52,37181959.52,-239498.0238,-239498.0238,-239498.0238,-239498.0238,-239498.0238,-239498.0238,0,0,0
8/13/2018,38524236.88,,37265133.82,29994166.63,47832168.82,37265133.82,37265133.82,1259103.064,1259103.064,1259103.064,1259103.064,1259103.064,1259103.064,0,0,0
8/14/2018,39330589.49,,37348308.12,30213524.23,47811608.01,37348308.12,37348308.12,1982281.376,1982281.376,1982281.376,1982281.376,1982281.376,1982281.376,0,0,0
8/15/2018,38473022.72,,37431482.43,29161185.19,48117324.58,37431482.43,37431482.43,1041540.295,1041540.295,1041540.295,1041540.295,1041540.295,1041540.295,0,0,0
8/16/2018,38057668.51,,37514656.73,28294018.97,47372127.87,37514656.73,37514656.73,543011.7746,543011.7746,543011.7746,543011.7746,543011.7746,543011.7746,0,0,0
8/17/2018,33432511.17,,37597831.04,24375335.79,42822022.99,37597831.04,37597831.04,-4165319.866,-4165319.866,-4165319.866,-4165319.866,-4165319.866,-4165319.866,0,0,0
8/18/2018,37259886.73,,37681005.35,28141976.2,46617820.55,37681005.35,37681005.35,-421118.6196,-421118.6196,-421118.6196,-421118.6196,-421118.6196,-421118.6196,0,0,0
8/19/2018,37524681.63,,37764179.65,28563371.97,46477649.04,37764179.65,37764179.65,-239498.0238,-239498.0238,-239498.0238,-239498.0238,-239498.0238,-239498.0238,0,0,0
8/20/2018,39106457.03,,37847353.96,29510954.09,48108543.72,37847353.96,37847353.96,1259103.064,1259103.064,1259103.064,1259103.064,1259103.064,1259103.064,0,0,0
8/21/2018,39912809.65,,37930528.27,30566820.22,48382556.63,37930528.27,37930528.27,1982281.376,1982281.376,1982281.376,1982281.376,1982281.376,1982281.376,0,0,0
8/22/2018,39055242.87,,38013702.58,30183315.38,48289897.61,38013702.58,38013702.58,1041540.295,1041540.295,1041540.295,1041540.295,1041540.295,1041540.295,0,0,0
8/23/2018,38639888.66,,38096876.88,29710291.96,47872598.66,38096876.88,38096876.88,543011.7746,543011.7746,543011.7746,543011.7746,543011.7746,543011.7746,0,0,0
8/24/2018,34014731.33,,38180051.19,25029882.1,42807430.96,38180051.19,38180051.19,-4165319.866,-4165319.866,-4165319.866,-4165319.866,-4165319.866,-4165319.866,0,0,0
8/25/2018,37842106.88,,38263225.5,28290432.49,46984339.51,38263225.5,38263225.5,-421118.6196,-421118.6196,-421118.6196,-421118.6196,-421118.6196,-421118.6196,0,0,0
8/26/2018,38106901.78,,38346399.81,28579857.8,47666646.42,38346399.81,38346399.81,-239498.0238,-239498.0238,-239498.0238,-239498.0238,-239498.0238,-239498.0238,0,0,0
8/27/2018,39688677.18,,38429574.11,29956940.49,49051173.02,38429574.11,38429574.11,1259103.064,1259103.064,1259103.064,1259103.064,1259103.064,1259103.064,0,0,0
8/28/2018,40495029.8,,38512748.42,32195289.62,49712981.74,38512748.42,38512748.42,1982281.376,1982281.376,1982281.376,1982281.376,1982281.376,1982281.376,0,0,0
8/29/2018,39637463.02,,38595922.73,31359529.55,47882482.33,38595922.73,38595922.73,1041540.295,1041540.295,1041540.295,1041540.295,1041540.295,1041540.295,0,0,0
8/30/2018,39222108.81,,38679097.04,30543438.06,48912301.04,38679097.04,38679097.04,543011.7746,543011.7746,543011.7746,543011.7746,543011.7746,543011.7746,0,0,0
8/31/2018,34596951.48,,38762271.34,24914942.64,43607674.1,38762271.34,38762271.34,-4165319.866,-4165319.866,-4165319.866,-4165319.866,-4165319.866,-4165319.866,0,0,0
9/1/2018,38424327.03,,38845445.65,29587519.07,47332995.28,38845445.65,38845445.65,-421118.6196,-421118.6196,-421118.6196,-421118.6196,-421118.6196,-421118.6196,0,0,0
9/2/2018,38689121.93,,38928619.96,29632334.69,47571545.37,38928619.96,38928619.96,-239498.0238,-239498.0238,-239498.0238,-239498.0238,-239498.0238,-239498.0238,0,0,0
9/3/2018,40270897.33,,39011794.26,31241481.01,48930340.74,39011794.26,39011794.26,1259103.064,1259103.064,1259103.064,1259103.064,1259103.064,1259103.064,0,0,0
9/4/2018,41077249.95,,39094968.57,31039217.52,49895856.18,39094968.57,39094968.57,1982281.376,1982281.376,1982281.376,1982281.376,1982281.376,1982281.376,0,0,0
9/5/2018,40219683.17,,39178142.88,30780793.64,49286864.79,39178142.88,39178142.88,1041540.295,1041540.295,1041540.295,1041540.295,1041540.295,1041540.295,0,0,0
9/6/2018,39804328.96,,39261317.19,30352485.92,48870865.25,39261317.19,39261317.19,543011.7746,543011.7746,543011.7746,543011.7746,543011.7746,543011.7746,0,0,0
9/7/2018,35179171.63,,39344491.49,26325679.66,44152262.78,39344491.49,39344491.49,-4165319.866,-4165319.866,-4165319.866,-4165319.866,-4165319.866,-4165319.866,0,0,0
9/8/2018,39006547.18,,39427665.8,30043946.91,47948554.35,39427665.8,39427665.8,-421118.6196,-421118.6196,-421118.6196,-421118.6196,-421118.6196,-421118.6196,0,0,0
9/9/2018,39271342.08,,39510840.1,29938048.88,48307432.47,39510840.1,39510840.1,-239498.0238,-239498.0238,-239498.0238,-239498.0238,-239498.0238,-239498.0238,0,0,0
9/10/2018,40853117.47,,39594014.41,32019705.75,50063210.88,39594014.41,39594014.41,1259103.064,1259103.064,1259103.064,1259103.064,1259103.064,1259103.064,0,0,0
9/11/2018,41659470.09,,39677188.71,31826624.49,50277690.57,39677188.71,39677188.71,1982281.376,1982281.376,1982281.376,1982281.376,1982281.376,1982281.376,0,0,0
9/12/2018,40801903.31,,39760363.02,31457711.05,50666460.79,39760363.02,39760363.02,1041540.295,1041540.295,1041540.295,1041540.295,1041540.295,1041540.295,0,0,0
9/13/2018,40386549.1,,39843537.32,31824605.23,49611045.17,39843537.32,39843537.32,543011.7746,543011.7746,543011.7746,543011.7746,543011.7746,543011.7746,0,0,0
9/14/2018,35761391.76,,39926711.63,26791831.3,44601855.34,39926711.63,39926711.63,-4165319.866,-4165319.866,-4165319.866,-4165319.866,-4165319.866,-4165319.866,0,0,0
9/15/2018,39588767.31,,40009885.93,30128882.33,48361098.07,40009885.93,40009885.93,-421118.6196,-421118.6196,-421118.6196,-421118.6196,-421118.6196,-421118.6196,0,0,0
9/16/2018,39853562.21,,40093060.24,30419804.24,48927089.41,40093060.24,40093060.24,-239498.0238,-239498.0238,-239498.0238,-239498.0238,-239498.0238,-239498.0238,0,0,0
9/17/2018,41435337.6,,40176234.54,32205749.61,50913256.37,40176234.54,40176234.54,1259103.064,1259103.064,1259103.064,1259103.064,1259103.064,1259103.064,0,0,0
9/18/2018,42241690.22,,40259408.85,32687264.37,50935819.34,40259408.85,40259408.85,1982281.376,1982281.376,1982281.376,1982281.376,1982281.376,1982281.376,0,0,0
9/19/2018,41384123.44,,40342583.15,31870440.68,49640620.03,40342583.15,40342583.15,1041540.295,1041540.295,1041540.295,1041540.295,1041540.295,1041540.295,0,0,0
9/20/2018,40968769.23,,40425757.45,31480174.81,49793585.69,40425757.45,40425757.45,543011.7746,543011.7746,543011.7746,543011.7746,543011.7746,543011.7746,0,0,0
9/21/2018,36343611.89,,40508931.76,26942220.69,45187429.76,40508931.76,40508931.76,-4165319.866,-4165319.866,-4165319.866,-4165319.866,-4165319.866,-4165319.866,0,0,0
9/22/2018,40170987.44,,40592106.06,31032372.81,49536314.8,40592106.06,40592106.06,-421118.6196,-421118.6196,-421118.6196,-421118.6196,-421118.6196,-421118.6196,0,0,0
9/23/2018,40435782.34,,40675280.36,31554223.46,49926387.31,40675280.36,40675280.36,-239498.0238,-239498.0238,-239498.0238,-239498.0238,-239498.0238,-239498.0238,0,0,0
9/24/2018,42017557.73,,40758454.67,33100451.89,50828378.98,40758454.67,40758454.67,1259103.064,1259103.064,1259103.064,1259103.064,1259103.064,1259103.064,0,0,0
9/25/2018,42823910.34,,40841628.97,33370141.25,51467358.13,40841628.97,40841628.97,1982281.376,1982281.376,1982281.376,1982281.376,1982281.376,1982281.376,0,0,0
9/26/2018,41966343.57,,40924803.27,32908463,51550730.4,40924803.27,40924803.27,1041540.295,1041540.295,1041540.295,1041540.295,1041540.295,1041540.295,0,0,0
9/27/2018,41550989.35,,41007977.57,32353645.57,50597691.75,41007977.57,41007977.57,543011.7746,543011.7746,543011.7746,543011.7746,543011.7746,543011.7746,0,0,0
9/28/2018,36925832.01,,41091151.88,28624619.57,45882581.23,41091151.88,41091151.88,-4165319.866,-4165319.866,-4165319.866,-4165319.866,-4165319.866,-4165319.866,0,0,0
9/29/2018,40753207.56,,41174326.18,31320140.29,49611816.7,41174326.18,41174326.18,-421118.6196,-421118.6196,-421118.6196,-421118.6196,-421118.6196,-421118.6196,0,0,0
9/30/2018,41018002.46,,41257500.48,31970350.36,50193748.39,41257500.48,41257500.48,-239498.0238,-239498.0238,-239498.0238,-239498.0238,-239498.0238,-239498.0238,0,0,0
10/1/2018,42599777.85,,41340674.78,33375223.93,51688684.7,41340674.78,41340674.78,1259103.064,1259103.064,1259103.064,1259103.064,1259103.064,1259103.064,0,0,0
10/2/2018,43406130.46,,41423849.09,34033161.12,52167515.73,41423849.09,41423849.09,1982281.376,1982281.376,1982281.376,1982281.376,1982281.376,1982281.376,0,0,0
10/3/2018,42548563.68,,41507023.39,34051215.34,51482127.91,41507023.39,41507023.39,1041540.295,1041540.295,1041540.295,1041540.295,1041540.295,1041540.295,0,0,0
10/4/2018,42133209.45,,41590197.68,33163579.91,51331498.43,41590197.68,41590197.68,543011.7746,543011.7746,543011.7746,543011.7746,543011.7746,543011.7746,0,0,0
10/5/2018,37508052.1,,41673371.96,28479173.95,47106812.71,41673371.96,41673371.96,-4165319.866,-4165319.866,-4165319.866,-4165319.866,-4165319.866,-4165319.866,0,0,0
10/6/2018,41335427.63,,41756546.25,32893171.15,50355757.43,41756546.25,41756546.25,-421118.6196,-421118.6196,-421118.6196,-421118.6196,-421118.6196,-421118.6196,0,0,0
10/7/2018,41600222.51,,41839720.54,32680022.77,50498308.97,41839720.54,41839720.54,-239498.0238,-239498.0238,-239498.0238,-239498.0238,-239498.0238,-239498.0238,0,0,0
10/8/2018,43181997.89,,41922894.82,33993178.01,51621773.12,41922894.82,41922894.82,1259103.064,1259103.064,1259103.064,1259103.064,1259103.064,1259103.064,0,0,0
10/9/2018,43988350.48,,42006069.11,34933242.59,52984436.64,42006069.11,42006069.11,1982281.376,1982281.376,1982281.376,1982281.376,1982281.376,1982281.376,0,0,0
10/10/2018,43130783.69,,42089243.39,34087469.34,52094472.05,42089243.39,42089243.39,1041540.295,1041540.295,1041540.295,1041540.295,1041540.295,1041540.295,0,0,0
10/11/2018,42715429.46,,42172417.68,33235892.38,52041209.09,42172417.68,42172417.68,543011.7746,543011.7746,543011.7746,543011.7746,543011.7746,543011.7746,0,0,0
10/12/2018,38090272.1,,42255591.97,29025476.38,47738521,42255591.97,42255591.97,-4165319.866,-4165319.866,-4165319.866,-4165319.866,-4165319.866,-4165319.866,0,0,0
10/13/2018,41917647.63,,42338766.25,33486745.71,50556673.26,42338766.25,42338766.25,-421118.6196,-421118.6196,-421118.6196,-421118.6196,-421118.6196,-421118.6196,0,0,0
10/14/2018,42182442.52,,42421940.54,33704750.53,51216444.96,42421940.54,42421940.54,-239498.0238,-239498.0238,-239498.0238,-239498.0238,-239498.0238,-239498.0238,0,0,0
10/15/2018,43764217.89,,42505114.83,34417166.48,53240238.04,42505114.83,42505114.83,1259103.064,1259103.064,1259103.064,1259103.064,1259103.064,1259103.064,0,0,0
10/17/2018,43713003.7,,42671463.4,34924308.7,53034271.98,42671463.4,42671463.4,1041540.295,1041540.295,1041540.295,1041540.295,1041540.295,1041540.295,0,0,0
10/18/2018,43296559.52,,42753547.74,34116387.96,52908179.74,42753547.74,42753547.74,543011.7746,543011.7746,543011.7746,543011.7746,543011.7746,543011.7746,0,0,0
10/19/2018,38670312.22,,42835632.09,29665230.6,48545397.39,42835632.09,42835632.09,-4165319.866,-4165319.866,-4165319.866,-4165319.866,-4165319.866,-4165319.866,0,0,0
10/20/2018,42496597.81,,42917716.43,33337777.87,51172751.43,42917716.43,42917716.43,-421118.6196,-421118.6196,-421118.6196,-421118.6196,-421118.6196,-421118.6196,0,0,0
10/21/2018,42760302.75,,42999800.77,33373972,51339726.62,42999800.77,42999800.77,-239498.0238,-239498.0238,-239498.0238,-239498.0238,-239498.0238,-239498.0238,0,0,0
10/22/2018,44340988.18,,43081885.12,35609631.03,53328906.89,43081885.12,43081885.12,1259103.064,1259103.064,1259103.064,1259103.064,1259103.064,1259103.064,0,0,0
10/23/2018,45146250.84,,43163969.46,35991363.69,54090456.56,43163969.46,43163969.46,1982281.376,1982281.376,1982281.376,1982281.376,1982281.376,1982281.376,0,0,0
10/24/2018,44287594.1,,43246053.81,35588711.18,54203962.02,43246053.81,43246053.81,1041540.295,1041540.295,1041540.295,1041540.295,1041540.295,1041540.295,0,0,0
10/25/2018,43871149.92,,43328138.15,34317868.88,53532433.49,43328138.15,43328138.15,543011.7746,543011.7746,543011.7746,543011.7746,543011.7746,543011.7746,0,0,0
10/26/2018,39244902.63,,43410222.49,30689234.79,48549498.63,43410222.49,43410222.49,-4165319.866,-4165319.866,-4165319.866,-4165319.866,-4165319.866,-4165319.866,0,0,0
10/27/2018,43071188.22,,43492306.84,34900213.48,52113956.51,43492306.84,43492306.84,-421118.6196,-421118.6196,-421118.6196,-421118.6196,-421118.6196,-421118.6196,0,0,0
10/28/2018,43334893.16,,43574391.18,34757983.05,52645777.39,43574391.18,43574391.18,-239498.0238,-239498.0238,-239498.0238,-239498.0238,-239498.0238,-239498.0238,0,0,0
10/29/2018,44915578.59,,43656475.52,35530240.62,53643202.82,43656475.52,43656475.52,1259103.064,1259103.064,1259103.064,1259103.064,1259103.064,1259103.064,0,0,0
10/31/2018,44833212.52,,43791672.22,35238859.59,53716015.08,43791672.22,43791672.22,1041540.295,1041540.295,1041540.295,1041540.295,1041540.295,1041540.295,0,0,0
11/1/2018,44402282.34,,43859270.57,35451246.59,53843365.21,43859270.57,43859270.57,543011.7746,543011.7746,543011.7746,543011.7746,543011.7746,543011.7746,0,0,0
11/7/2018,45306400.95,,44264860.66,36256854.01,54183262.52,44264860.66,44264860.66,1041540.295,1041540.295,1041540.295,1041540.295,1041540.295,1041540.295,0,0,0
11/8/2018,44875470.78,,44332459.01,36189704.1,54010341.8,44332459.01,44332459.01,543011.7746,543011.7746,543011.7746,543011.7746,543011.7746,543011.7746,0,0,0
11/9/2018,40234737.49,,44400057.36,31229395.14,49503640.84,44400057.36,44400057.36,-4165319.866,-4165319.866,-4165319.866,-4165319.866,-4165319.866,-4165319.866,0,0,0
11/10/2018,44046537.08,,44467655.7,35076136.4,53153495.65,44467655.7,44467655.7,-421118.6196,-421118.6196,-421118.6196,-421118.6196,-421118.6196,-421118.6196,0,0,0
11/11/2018,44295756.03,,44535254.05,35346819.29,53782730.62,44535254.05,44535254.05,-239498.0238,-239498.0238,-239498.0238,-239498.0238,-239498.0238,-239498.0238,0,0,0
11/12/2018,45861955.46,,44602852.4,36476954.76,54816373.56,44602852.4,44602852.4,1259103.064,1259103.064,1259103.064,1259103.064,1259103.064,1259103.064,0,0,0
11/13/2018,46652732.13,,44670450.75,37479395.4,55020045.33,44670450.75,44670450.75,1982281.376,1982281.376,1982281.376,1982281.376,1982281.376,1982281.376,0,0,0
11/14/2018,45779589.39,,44738049.1,37213635.42,55085941.93,44738049.1,44738049.1,1041540.295,1041540.295,1041540.295,1041540.295,1041540.295,1041540.295,0,0,0
11/15/2018,45348659.22,,44805647.45,35361109.06,54439594.65,44805647.45,44805647.45,543011.7746,543011.7746,543011.7746,543011.7746,543011.7746,543011.7746,0,0,0
11/16/2018,40707925.93,,44873245.79,32224531.68,50359170.57,44873245.79,44873245.79,-4165319.866,-4165319.866,-4165319.866,-4165319.866,-4165319.866,-4165319.866,0,0,0
11/17/2018,44519725.52,,44940844.14,35712272.48,53289664.66,44940844.14,44940844.14,-421118.6196,-421118.6196,-421118.6196,-421118.6196,-421118.6196,-421118.6196,0,0,0
11/18/2018,44745300.73,,44984798.75,35160646.38,53857655.32,44984798.75,44984798.75,-239498.0238,-239498.0238,-239498.0238,-239498.0238,-239498.0238,-239498.0238,0,0,0
11/19/2018,46287856.42,,45028753.36,37389547.58,55792516.1,45028753.36,45028753.36,1259103.064,1259103.064,1259103.064,1259103.064,1259103.064,1259103.064,0,0,0
11/20/2018,47054989.34,,45072707.97,38001432.8,56212432.63,45072707.97,45072707.97,1982281.376,1982281.376,1982281.376,1982281.376,1982281.376,1982281.376,0,0,0
11/21/2018,46158202.87,,45116662.57,36358272.17,54975152.03,45116662.57,45116662.57,1041540.295,1041540.295,1041540.295,1041540.295,1041540.295,1041540.295,0,0,0
11/22/2018,45703628.96,,45160617.18,36909460.86,55809976.39,45160617.18,45160617.18,543011.7746,543011.7746,543011.7746,543011.7746,543011.7746,543011.7746,0,0,0
11/23/2018,41039251.92,,45204571.79,31997798.81,49751260.33,45204571.79,45204571.79,-4165319.866,-4165319.866,-4165319.866,-4165319.866,-4165319.866,-4165319.866,0,0,0
11/24/2018,44827407.78,,45248526.4,35507888.6,53739545.74,45248526.4,45248526.4,-421118.6196,-421118.6196,-421118.6196,-421118.6196,-421118.6196,-421118.6196,0,0,0
11/25/2018,45052982.98,,45292481,35786202.62,54499187.94,45292481,45292481,-239498.0238,-239498.0238,-239498.0238,-239498.0238,-239498.0238,-239498.0238,0,0,0
11/26/2018,46595538.68,,45336435.61,37916479.55,56140552.09,45336435.61,45336435.61,1259103.064,1259103.064,1259103.064,1259103.064,1259103.064,1259103.064,0,0,0
11/28/2018,46465885.12,,45424344.83,37443520.29,55768609.35,45424344.83,45424344.83,1041540.295,1041540.295,1041540.295,1041540.295,1041540.295,1041540.295,0,0,0
11/29/2018,46011311.21,,45468299.43,37342126.09,54910712.99,45468299.43,45468299.43,543011.7746,543011.7746,543011.7746,543011.7746,543011.7746,543011.7746,0,0,0
12/1/2018,45135090.03,,45556208.65,36169113.22,53678402.86,45556208.65,45556208.65,-421118.6196,-421118.6196,-421118.6196,-421118.6196,-421118.6196,-421118.6196,0,0,0
12/2/2018,45333074.5,,45572572.52,36134845.23,54346000.69,45572572.52,45572572.52,-239498.0238,-239498.0238,-239498.0238,-239498.0238,-239498.0238,-239498.0238,0,0,0
12/3/2018,46848039.46,,45588936.4,37897306.68,55649639.37,45588936.4,45588936.4,1259103.064,1259103.064,1259103.064,1259103.064,1259103.064,1259103.064,0,0,0
12/4/2018,47587581.65,,45605300.27,38591654.91,57083581.53,45605300.27,45605300.27,1982281.376,1982281.376,1982281.376,1982281.376,1982281.376,1982281.376,0,0,0
12/5/2018,46663204.44,,45621664.15,37451840.26,55638584.68,45621664.15,45621664.15,1041540.295,1041540.295,1041540.295,1041540.295,1041540.295,1041540.295,0,0,0
12/6/2018,46181039.79,,45638028.02,37196101.68,55546000.51,45638028.02,45638028.02,543011.7746,543011.7746,543011.7746,543011.7746,543011.7746,543011.7746,0,0,0
12/7/2018,41489072.03,,45654391.89,32001035.28,50434736.59,45654391.89,45654391.89,-4165319.866,-4165319.866,-4165319.866,-4165319.866,-4165319.866,-4165319.866,0,0,0
12/8/2018,45249637.15,,45670755.77,36199971.34,54513990.18,45670755.77,45670755.77,-421118.6196,-421118.6196,-421118.6196,-421118.6196,-421118.6196,-421118.6196,0,0,0
12/9/2018,45447621.62,,45687119.64,37037620.99,54708086.91,45687119.64,45687119.64,-239498.0238,-239498.0238,-239498.0238,-239498.0238,-239498.0238,-239498.0238,0,0,0
12/10/2018,46962586.58,,45703483.51,37828919.18,56735580.73,45703483.51,45703483.51,1259103.064,1259103.064,1259103.064,1259103.064,1259103.064,1259103.064,0,0,0
12/11/2018,47702128.76,,45719847.39,38628915.23,57087882.44,45719847.39,45719847.39,1982281.376,1982281.376,1982281.376,1982281.376,1982281.376,1982281.376,0,0,0
12/12/2018,46777751.56,,45736211.26,38204778.65,56288334.16,45736211.26,45736211.26,1041540.295,1041540.295,1041540.295,1041540.295,1041540.295,1041540.295,0,0,0
12/13/2018,46295586.91,,45752575.14,36401387.42,55486979.59,45752575.14,45752575.14,543011.7746,543011.7746,543011.7746,543011.7746,543011.7746,543011.7746,0,0,0
12/14/2018,41603619.14,,45768939.01,32477096.61,51169908,45768939.01,45768939.01,-4165319.866,-4165319.866,-4165319.866,-4165319.866,-4165319.866,-4165319.866,0,0,0
12/15/2018,45344353.99,,45765472.61,36321164.71,54400381.45,45765472.61,45765472.61,-421118.6196,-421118.6196,-421118.6196,-421118.6196,-421118.6196,-421118.6196,0,0,0
12/16/2018,45522508.19,,45762006.21,36334098.97,54524138.56,45762006.21,45762006.21,-239498.0238,-239498.0238,-239498.0238,-239498.0238,-239498.0238,-239498.0238,0,0,0
12/17/2018,47017642.87,,45758539.81,37400925.94,56619037.29,45758539.81,45758539.81,1259103.064,1259103.064,1259103.064,1259103.064,1259103.064,1259103.064,0,0,0
12/18/2018,47737354.79,,45755073.41,38906425.4,56807388.67,45755073.41,45755073.41,1982281.376,1982281.376,1982281.376,1982281.376,1982281.376,1982281.376,0,0,0
12/19/2018,46793147.31,,45751607.01,37521394.09,55454325.19,45751607.01,45751607.01,1041540.295,1041540.295,1041540.295,1041540.295,1041540.295,1041540.295,0,0,0
12/20/2018,46291152.39,,45748140.61,37464649.86,56236269.67,45748140.61,45748140.61,543011.7746,543011.7746,543011.7746,543011.7746,543011.7746,543011.7746,0,0,0
12/22/2018,45320089.19,,45741207.81,36525513,54353372.12,45741207.81,45741207.81,-421118.6196,-421118.6196,-421118.6196,-421118.6196,-421118.6196,-421118.6196,0,0,0
12/23/2018,45498243.39,,45737741.41,36640137.11,54098523.61,45737741.41,45737741.41,-239498.0238,-239498.0238,-239498.0238,-239498.0238,-239498.0238,-239498.0238,0,0,0
12/24/2018,46993378.07,,45734275.01,37994061.21,56173961.63,45734275.01,45734275.01,1259103.064,1259103.064,1259103.064,1259103.064,1259103.064,1259103.064,0,0,0
12/25/2018,47713089.99,,45730808.61,38864507.46,57114087.65,45730808.61,45730808.61,1982281.376,1982281.376,1982281.376,1982281.376,1982281.376,1982281.376,0,0,0
1/4/2019,41530824.74,,45696144.61,32518027.77,50406395.84,45696144.61,45696144.61,-4165319.866,-4165319.866,-4165319.866,-4165319.866,-4165319.866,-4165319.866,0,0,0
1/5/2019,45271559.59,,45692678.21,36052432.93,54587276.89,45692678.21,45692678.21,-421118.6196,-421118.6196,-421118.6196,-421118.6196,-421118.6196,-421118.6196,0,0,0
1/6/2019,45444681.71,,45684179.74,36292176.52,55204707.29,45684179.74,45684179.74,-239498.0238,-239498.0238,-239498.0238,-239498.0238,-239498.0238,-239498.0238,0,0,0
1/7/2019,46934784.33,,45675681.26,37724705.94,55983260.45,45675681.26,45675681.26,1259103.064,1259103.064,1259103.064,1259103.064,1259103.064,1259103.064,0,0,0
1/8/2019,47649464.17,,45667182.79,38950880.92,56154602.56,45667182.79,45667182.79,1982281.376,1982281.376,1982281.376,1982281.376,1982281.376,1982281.376,0,0,0
1/9/2019,46700224.61,,45658684.32,38251984.3,56214080.55,45658684.32,45658684.32,1041540.295,1041540.295,1041540.295,1041540.295,1041540.295,1041540.295,0,0,0
1/10/2019,46193197.62,,45650185.84,36760704.82,55908889.17,45650185.84,45650185.84,543011.7746,543011.7746,543011.7746,543011.7746,543011.7746,543011.7746,0,0,0
1/11/2019,41476367.51,,45641687.37,32284040.18,50981221.24,45641687.37,45641687.37,-4165319.866,-4165319.866,-4165319.866,-4165319.866,-4165319.866,-4165319.866,0,0,0
1/12/2019,45212070.28,,45633188.9,35671092.06,54974634.94,45633188.9,45633188.9,-421118.6196,-421118.6196,-421118.6196,-421118.6196,-421118.6196,-421118.6196,0,0,0
1/13/2019,45385192.4,,45624690.42,36084265.47,54525868.95,45624690.42,45624690.42,-239498.0238,-239498.0238,-239498.0238,-239498.0238,-239498.0238,-239498.0238,0,0,0
1/14/2019,46875295.02,,45616191.95,37616292.61,56129620,45616191.95,45616191.95,1259103.064,1259103.064,1259103.064,1259103.064,1259103.064,1259103.064,0,0,0
1/15/2019,47589974.85,,45607693.48,38368850.75,57038089.82,45607693.48,45607693.48,1982281.376,1982281.376,1982281.376,1982281.376,1982281.376,1982281.376,0,0,0
1/16/2019,46640735.3,,45599195.01,37841742.89,56019713.43,45599195.01,45599195.01,1041540.295,1041540.295,1041540.295,1041540.295,1041540.295,1041540.295,0,0,0
1/17/2019,46133708.31,,45590696.53,36882876.02,55000905.47,45590696.53,45590696.53,543011.7746,543011.7746,543011.7746,543011.7746,543011.7746,543011.7746,0,0,0
1/18/2019,41416878.19,,45582198.06,31984881.44,50153621.32,45582198.06,45582198.06,-4165319.866,-4165319.866,-4165319.866,-4165319.866,-4165319.866,-4165319.866,0,0,0
1/19/2019,45152580.96,,45573699.58,36263948.92,53998649.69,45573699.58,45573699.58,-421118.6196,-421118.6196,-421118.6196,-421118.6196,-421118.6196,-421118.6196,0,0,0
1/20/2019,45325703.08,,45565201.1,36582745.32,54517675.46,45565201.1,45565201.1,-239498.0238,-239498.0238,-239498.0238,-239498.0238,-239498.0238,-239498.0238,0,0,0
1/21/2019,46815805.69,,45556702.63,38226763.73,55494390.24,45556702.63,45556702.63,1259103.064,1259103.064,1259103.064,1259103.064,1259103.064,1259103.064,0,0,0
1/22/2019,47530485.53,,45548204.15,38542057.78,57373694.54,45548204.15,45548204.15,1982281.376,1982281.376,1982281.376,1982281.376,1982281.376,1982281.376,0,0,0
1/29/2019,47470996.19,,45488714.81,38763762.41,56568733.56,45488714.81,45488714.81,1982281.376,1982281.376,1982281.376,1982281.376,1982281.376,1982281.376,0,0,0
1/30/2019,46521756.63,,45480216.33,37298259.21,55429112.43,45480216.33,45480216.33,1041540.295,1041540.295,1041540.295,1041540.295,1041540.295,1041540.295,0,0,0
1/31/2019,46014729.63,,45471717.86,36421047.95,54933422.05,45471717.86,45471717.86,543011.7746,543011.7746,543011.7746,543011.7746,543011.7746,543011.7746,0,0,0
2/1/2019,41297899.51,,45463219.38,31905053.24,49981362.72,45463219.38,45463219.38,-4165319.866,-4165319.866,-4165319.866,-4165319.866,-4165319.866,-4165319.866,0,0,0
2/2/2019,45033602.28,,45454720.9,36404784.91,53961314.08,45454720.9,45454720.9,-421118.6196,-421118.6196,-421118.6196,-421118.6196,-421118.6196,-421118.6196,0,0,0
2/3/2019,45206724.4,,45446222.43,36358881.59,54605025.04,45446222.43,45446222.43,-239498.0238,-239498.0238,-239498.0238,-239498.0238,-239498.0238,-239498.0238,0,0,0
2/4/2019,46696827.01,,45437723.95,37208823.3,55724340.33,45437723.95,45437723.95,1259103.064,1259103.064,1259103.064,1259103.064,1259103.064,1259103.064,0,0,0
2/5/2019,47411506.85,,45429225.47,38015377.42,56489311.65,45429225.47,45429225.47,1982281.376,1982281.376,1982281.376,1982281.376,1982281.376,1982281.376,0,0,0
2/6/2019,46462267.25,,45420726.96,37585939.47,55171874.41,45420726.96,45420726.96,1041540.295,1041540.295,1041540.295,1041540.295,1041540.295,1041540.295,0,0,0
2/7/2019,45955240.21,,45412228.44,36551500.1,55346154.78,45412228.44,45412228.44,543011.7746,543011.7746,543011.7746,543011.7746,543011.7746,543011.7746,0,0,0
2/8/2019,41238410.06,,45403729.92,32338145.49,50892141.92,45403729.92,45403729.92,-4165319.866,-4165319.866,-4165319.866,-4165319.866,-4165319.866,-4165319.866,0,0,0
2/9/2019,44974112.79,,45395231.41,35883245.97,54739189.31,45395231.41,45395231.41,-421118.6196,-421118.6196,-421118.6196,-421118.6196,-421118.6196,-421118.6196,0,0,0
2/10/2019,45147234.87,,45386732.89,36432272.56,54653078.68,45386732.89,45386732.89,-239498.0238,-239498.0238,-239498.0238,-239498.0238,-239498.0238,-239498.0238,0,0,0
2/11/2019,46637337.44,,45378234.37,37955076.46,56106066.56,45378234.37,45378234.37,1259103.064,1259103.064,1259103.064,1259103.064,1259103.064,1259103.064,0,0,0
2/12/2019,47352017.23,,45369735.86,37645377.47,56125886.94,45369735.86,45369735.86,1982281.376,1982281.376,1982281.376,1982281.376,1982281.376,1982281.376,0,0,0
2/13/2019,46402777.63,,45361237.34,37215750.11,56065792.19,45361237.34,45361237.34,1041540.295,1041540.295,1041540.295,1041540.295,1041540.295,1041540.295,0,0,0
2/14/2019,45895750.6,,45352738.82,36651461.55,54288888.99,45352738.82,45352738.82,543011.7746,543011.7746,543011.7746,543011.7746,543011.7746,543011.7746,0,0,0
2/15/2019,41178920.44,,45344240.31,32004580.16,50432669,45344240.31,45344240.31,-4165319.866,-4165319.866,-4165319.866,-4165319.866,-4165319.866,-4165319.866,0,0,0
2/16/2019,44914623.17,,45335741.79,35820780.68,54120896.3,45335741.79,45335741.79,-421118.6196,-421118.6196,-421118.6196,-421118.6196,-421118.6196,-421118.6196,0,0,0
2/17/2019,45087745.25,,45327243.27,36102659.59,53748410.8,45327243.27,45327243.27,-239498.0238,-239498.0238,-239498.0238,-239498.0238,-239498.0238,-239498.0238,0,0,0
2/18/2019,46577847.82,,45318744.76,37572842.8,55844324.23,45318744.76,45318744.76,1259103.064,1259103.064,1259103.064,1259103.064,1259103.064,1259103.064,0,0,0
2/19/2019,47292527.59,,45310246.21,37760023.32,56615745.13,45310246.21,45310246.21,1982281.376,1982281.376,1982281.376,1982281.376,1982281.376,1982281.376,0,0,0
2/20/2019,46343287.96,,45301747.67,37270172.29,55744592.87,45301747.67,45301747.67,1041540.295,1041540.295,1041540.295,1041540.295,1041540.295,1041540.295,0,0,0
2/21/2019,45836260.9,,45293249.13,36726447.73,54962866.13,45293249.13,45293249.13,543011.7746,543011.7746,543011.7746,543011.7746,543011.7746,543011.7746,0,0,0
2/22/2019,41119430.72,,45284750.58,31550074.17,49849504.26,45284750.58,45284750.58,-4165319.866,-4165319.866,-4165319.866,-4165319.866,-4165319.866,-4165319.866,0,0,0
2/23/2019,44855133.42,,45276252.04,35990961.79,53924416.78,45276252.04,45276252.04,-421118.6196,-421118.6196,-421118.6196,-421118.6196,-421118.6196,-421118.6196,0,0,0
2/24/2019,45028255.47,,45267753.49,35837734.83,53632724.45,45267753.49,45267753.49,-239498.0238,-239498.0238,-239498.0238,-239498.0238,-239498.0238,-239498.0238,0,0,0
2/25/2019,46518358.01,,45259254.95,37041142.82,55649933.16,45259254.95,45259254.95,1259103.064,1259103.064,1259103.064,1259103.064,1259103.064,1259103.064,0,0,0
2/26/2019,47233037.78,,45250756.41,38008365.53,56304242.87,45250756.41,45250756.41,1982281.376,1982281.376,1982281.376,1982281.376,1982281.376,1982281.376,0,0,0
2/27/2019,46283798.16,,45242257.86,37311692.77,55853665.71,45242257.86,45242257.86,1041540.295,1041540.295,1041540.295,1041540.295,1041540.295,1041540.295,0,0,0
2/28/2019,45776771.09,,45233759.32,36449902.31,54840410.47,45233759.32,45233759.32,543011.7746,543011.7746,543011.7746,543011.7746,543011.7746,543011.7746,0,0,0
3/1/2019,41059940.91,,45225260.78,31080611.69,50310895.91,45225260.78,45225260.78,-4165319.866,-4165319.866,-4165319.866,-4165319.866,-4165319.866,-4165319.866,0,0,0
3/2/2019,44795643.61,,45216762.23,35887229.04,53972915.11,45216762.23,45216762.23,-421118.6196,-421118.6196,-421118.6196,-421118.6196,-421118.6196,-421118.6196,0,0,0
3/3/2019,44968765.54,,45208263.57,36415868.7,54576464.14,45208263.57,45208263.57,-239498.0238,-239498.0238,-239498.0238,-239498.0238,-239498.0238,-239498.0238,0,0,0
3/4/2019,46458867.96,,45199764.9,37896198.16,55726472.69,45199764.9,45199764.9,1259103.064,1259103.064,1259103.064,1259103.064,1259103.064,1259103.064,0,0,0
3/5/2019,47173547.61,,45191266.23,38665983.82,56469070.67,45191266.23,45191266.23,1982281.376,1982281.376,1982281.376,1982281.376,1982281.376,1982281.376,0,0,0
3/6/2019,46224307.86,,45182767.57,37558002.97,55110708.47,45182767.57,45182767.57,1041540.295,1041540.295,1041540.295,1041540.295,1041540.295,1041540.295,0,0,0
3/7/2019,45717280.68,,45174268.9,36811158.63,54367708.06,45174268.9,45174268.9,543011.7746,543011.7746,543011.7746,543011.7746,543011.7746,543011.7746,0,0,0
3/8/2019,41000450.37,,45165770.24,32081363.38,49637853.44,45165770.24,45165770.24,-4165319.866,-4165319.866,-4165319.866,-4165319.866,-4165319.866,-4165319.866,0,0,0
3/9/2019,44736152.95,,45157271.57,36057928.51,53972682.55,45157271.57,45157271.57,-421118.6196,-421118.6196,-421118.6196,-421118.6196,-421118.6196,-421118.6196,0,0,0
3/10/2019,44909274.88,,45148772.9,35124953.79,53382910.98,45148772.9,45148772.9,-239498.0238,-239498.0238,-239498.0238,-239498.0238,-239498.0238,-239498.0238,0,0,0
3/11/2019,46399377.3,,45140274.24,36771317.47,55443817.68,45140274.24,45140274.24,1259103.064,1259103.064,1259103.064,1259103.064,1259103.064,1259103.064,0,0,0
3/12/2019,47114056.95,,45131775.57,37833574.28,55452539.25,45131775.57,45131775.57,1982281.376,1982281.376,1982281.376,1982281.376,1982281.376,1982281.376,0,0,0
3/13/2019,46164817.2,,45123276.9,36981555.24,55168701.67,45123276.9,45123276.9,1041540.295,1041540.295,1041540.295,1041540.295,1041540.295,1041540.295,0,0,0
3/14/2019,45657790.01,,45114778.24,36797650.68,54979872.27,45114778.24,45114778.24,543011.7746,543011.7746,543011.7746,543011.7746,543011.7746,543011.7746,0,0,0
3/15/2019,40940959.71,,45106279.57,32308853.92,50426811,45106279.57,45106279.57,-4165319.866,-4165319.866,-4165319.866,-4165319.866,-4165319.866,-4165319.866,0,0,0
3/16/2019,44676662.11,,45097780.73,35300881.32,53843747.33,45097780.73,45097780.73,-421118.6196,-421118.6196,-421118.6196,-421118.6196,-421118.6196,-421118.6196,0,0,0
3/17/2019,44849783.87,,45089281.89,36149310.37,54113666.69,45089281.89,45089281.89,-239498.0238,-239498.0238,-239498.0238,-239498.0238,-239498.0238,-239498.0238,0,0,0
3/18/2019,46339886.11,,45080783.05,36904509.15,55488910.69,45080783.05,45080783.05,1259103.064,1259103.064,1259103.064,1259103.064,1259103.064,1259103.064,0,0,0
3/19/2019,47054565.59,,45072284.21,37613948.69,56584852.82,45072284.21,45072284.21,1982281.376,1982281.376,1982281.376,1982281.376,1982281.376,1982281.376,0,0,0
3/20/2019,46105325.66,,45063785.37,36433530.77,55160231.64,45063785.37,45063785.37,1041540.295,1041540.295,1041540.295,1041540.295,1041540.295,1041540.295,0,0,0
3/21/2019,45598298.3,,45055286.53,35929586.1,54965548.3,45055286.53,45055286.53,543011.7746,543011.7746,543011.7746,543011.7746,543011.7746,543011.7746,0,0,0
3/22/2019,40881467.82,,45046787.69,31847475.1,50306853.56,45046787.69,45046787.69,-4165319.866,-4165319.866,-4165319.866,-4165319.866,-4165319.866,-4165319.866,0,0,0
3/23/2019,44617170.23,,45038288.85,35906228.36,53482565.23,45038288.85,45038288.85,-421118.6196,-421118.6196,-421118.6196,-421118.6196,-421118.6196,-421118.6196,0,0,0
3/24/2019,44790291.98,,45029790.01,35802737.99,53769665.54,45029790.01,45029790.01,-239498.0238,-239498.0238,-239498.0238,-239498.0238,-239498.0238,-239498.0238,0,0,0
3/25/2019,46280394.23,,45021291.16,37024091.95,55305913.62,45021291.16,45021291.16,1259103.064,1259103.064,1259103.064,1259103.064,1259103.064,1259103.064,0,0,0
3/26/2019,46995073.7,,45012792.32,37872552.48,55477093.31,45012792.32,45012792.32,1982281.376,1982281.376,1982281.376,1982281.376,1982281.376,1982281.376,0,0,0
3/28/2019,45538806.42,,44995794.64,36114334.78,54825301.89,44995794.64,44995794.64,543011.7746,543011.7746,543011.7746,543011.7746,543011.7746,543011.7746,0,0,0
3/29/2019,40821975.94,,44987295.8,31411803.73,49333945.2,44987295.8,44987295.8,-4165319.866,-4165319.866,-4165319.866,-4165319.866,-4165319.866,-4165319.866,0,0,0
3/30/2019,44557678.34,,44978796.96,35125800.57,53937645.77,44978796.96,44978796.96,-421118.6196,-421118.6196,-421118.6196,-421118.6196,-421118.6196,-421118.6196,0,0,0
3/31/2019,44730800.1,,44970298.12,36057606.2,54563813.16,44970298.12,44970298.12,-239498.0238,-239498.0238,-239498.0238,-239498.0238,-239498.0238,-239498.0238,0,0,0
4/1/2019,46220902.34,,44961799.28,37177152.12,55283134.99,44961799.28,44961799.28,1259103.064,1259103.064,1259103.064,1259103.064,1259103.064,1259103.064,0,0,0
4/2/2019,46935581.82,,44953300.44,37630105.76,55790484.77,44953300.44,44953300.44,1982281.376,1982281.376,1982281.376,1982281.376,1982281.376,1982281.376,0,0,0
4/3/2019,45986341.89,,44944801.6,36892769.73,54961417.78,44944801.6,44944801.6,1041540.295,1041540.295,1041540.295,1041540.295,1041540.295,1041540.295,0,0,0
4/4/2019,45479314.53,,44936302.76,36269302.83,54490151.07,44936302.76,44936302.76,543011.7746,543011.7746,543011.7746,543011.7746,543011.7746,543011.7746,0,0,0
4/5/2019,40762484.05,,44927803.92,31285620.22,49699099.13,44927803.92,44927803.92,-4165319.866,-4165319.866,-4165319.866,-4165319.866,-4165319.866,-4165319.866,0,0,0
4/6/2019,44498186.46,,44919305.08,35198950.1,53431573.8,44919305.08,44919305.08,-421118.6196,-421118.6196,-421118.6196,-421118.6196,-421118.6196,-421118.6196,0,0,0
4/7/2019,44671308.21,,44910806.24,35324126.61,53624065.75,44910806.24,44910806.24,-239498.0238,-239498.0238,-239498.0238,-239498.0238,-239498.0238,-239498.0238,0,0,0
4/8/2019,46161410.46,,44902307.4,37403559.16,55477430.79,44902307.4,44902307.4,1259103.064,1259103.064,1259103.064,1259103.064,1259103.064,1259103.064,0,0,0
4/9/2019,46876089.93,,44893808.56,37807201.37,56040013.52,44893808.56,44893808.56,1982281.376,1982281.376,1982281.376,1982281.376,1982281.376,1982281.376,0,0,0
4/10/2019,45926850.01,,44885309.72,36053506.53,54635732.73,44885309.72,44885309.72,1041540.295,1041540.295,1041540.295,1041540.295,1041540.295,1041540.295,0,0,0
4/11/2019,45419822.65,,44876810.88,36375803.38,54476525.26,44876810.88,44876810.88,543011.7746,543011.7746,543011.7746,543011.7746,543011.7746,543011.7746,0,0,0
4/12/2019,40702992.17,,44868312.03,32038336.71,50032704.91,44868312.03,44868312.03,-4165319.866,-4165319.866,-4165319.866,-4165319.866,-4165319.866,-4165319.866,0,0,0
4/13/2019,44438694.57,,44859813.19,35360832.05,52654564.16,44859813.19,44859813.19,-421118.6196,-421118.6196,-421118.6196,-421118.6196,-421118.6196,-421118.6196,0,0,0
4/14/2019,44611816.33,,44851314.35,35264645.95,54047619.65,44851314.35,44851314.35,-239498.0238,-239498.0238,-239498.0238,-239498.0238,-239498.0238,-239498.0238,0,0,0
4/17/2019,45867358.12,,44825817.83,37049887.7,54866521.54,44825817.83,44825817.83,1041540.295,1041540.295,1041540.295,1041540.295,1041540.295,1041540.295,0,0,0
4/18/2019,45360330.76,,44817318.99,36456541.54,53935096.7,44817318.99,44817318.99,543011.7746,543011.7746,543011.7746,543011.7746,543011.7746,543011.7746,0,0,0
4/23/2019,46757106.16,,44774824.78,37485260.16,55597045.83,44774824.78,44774824.78,1982281.376,1982281.376,1982281.376,1982281.376,1982281.376,1982281.376,0,0,0
4/24/2019,45807866.23,,44766325.94,36946148.47,54526306.26,44766325.94,44766325.94,1041540.295,1041540.295,1041540.295,1041540.295,1041540.295,1041540.295,0,0,0
4/25/2019,45300838.87,,44757827.1,36544678.13,54896102.46,44757827.1,44757827.1,543011.7746,543011.7746,543011.7746,543011.7746,543011.7746,543011.7746,0,0,0
4/26/2019,40584008.39,,44749328.26,31601883.55,50051028.9,44749328.26,44749328.26,-4165319.866,-4165319.866,-4165319.866,-4165319.866,-4165319.866,-4165319.866,0,0,0
4/27/2019,44319710.8,,44740829.42,34869887.63,53595638.72,44740829.42,44740829.42,-421118.6196,-421118.6196,-421118.6196,-421118.6196,-421118.6196,-421118.6196,0,0,0
4/29/2019,45982934.8,,44723831.73,36504910.82,54823796.95,44723831.73,44723831.73,1259103.064,1259103.064,1259103.064,1259103.064,1259103.064,1259103.064,0,0,0
4/30/2019,46697614.28,,44715332.9,37963199.41,56035001.03,44715332.9,44715332.9,1982281.376,1982281.376,1982281.376,1982281.376,1982281.376,1982281.376,0,0,0
5/1/2019,45748374.36,,44706834.07,36881327.76,54566479.21,44706834.07,44706834.07,1041540.295,1041540.295,1041540.295,1041540.295,1041540.295,1041540.295,0,0,0
5/2/2019,45241347.01,,44698335.24,35529727.43,53787703.94,44698335.24,44698335.24,543011.7746,543011.7746,543011.7746,543011.7746,543011.7746,543011.7746,0,0,0
5/3/2019,40524516.54,,44689836.4,31227824.75,50082714.37,44689836.4,44689836.4,-4165319.866,-4165319.866,-4165319.866,-4165319.866,-4165319.866,-4165319.866,0,0,0
5/4/2019,44260218.95,,44681337.57,35308488.34,53163091.82,44681337.57,44681337.57,-421118.6196,-421118.6196,-421118.6196,-421118.6196,-421118.6196,-421118.6196,0,0,0
5/7/2019,46638122.45,,44655841.07,37749333.31,56042252.45,44655841.07,44655841.07,1982281.376,1982281.376,1982281.376,1982281.376,1982281.376,1982281.376,0,0,0
5/8/2019,45688882.54,,44647342.24,36318653,54599504.16,44647342.24,44647342.24,1041540.295,1041540.295,1041540.295,1041540.295,1041540.295,1041540.295,0,0,0
5/9/2019,45181855.18,,44638843.41,35567692.93,53713261.91,44638843.41,44638843.41,543011.7746,543011.7746,543011.7746,543011.7746,543011.7746,543011.7746,0,0,0
5/10/2019,40465024.71,,44630344.58,31012727.72,49591242.7,44630344.58,44630344.58,-4165319.866,-4165319.866,-4165319.866,-4165319.866,-4165319.866,-4165319.866,0,0,0
5/11/2019,44200727.12,,44621845.74,34404632.23,53654654.5,44621845.74,44621845.74,-421118.6196,-421118.6196,-421118.6196,-421118.6196,-421118.6196,-421118.6196,0,0,0
5/12/2019,44373848.89,,44613346.91,35104687.5,53231023.19,44613346.91,44613346.91,-239498.0238,-239498.0238,-239498.0238,-239498.0238,-239498.0238,-239498.0238,0,0,0
5/19/2019,44314357.06,,44553855.08,35922777.18,53355056.49,44553855.08,44553855.08,-239498.0238,-239498.0238,-239498.0238,-239498.0238,-239498.0238,-239498.0238,0,0,0
5/21/2019,46519138.79,,44536857.42,37682952.47,55435934.12,44536857.42,44536857.42,1982281.376,1982281.376,1982281.376,1982281.376,1982281.376,1982281.376,0,0,0
5/22/2019,45576748.61,,44535208.31,36281316.85,54182548.15,44535208.31,44535208.31,1041540.295,1041540.295,1041540.295,1041540.295,1041540.295,1041540.295,0,0,0
5/23/2019,45076570.98,,44533559.2,35733087.85,54118091.31,44533559.2,44533559.2,543011.7746,543011.7746,543011.7746,543011.7746,543011.7746,543011.7746,0,0,0
5/24/2019,40366590.23,,44531910.1,31429468.77,49703135.57,44531910.1,44531910.1,-4165319.866,-4165319.866,-4165319.866,-4165319.866,-4165319.866,-4165319.866,0,0,0
5/25/2019,44109142.37,,44530260.99,35145855.85,53443521.29,44530260.99,44530260.99,-421118.6196,-421118.6196,-421118.6196,-421118.6196,-421118.6196,-421118.6196,0,0,0
5/26/2019,44289113.86,,44528611.89,34626634.16,53516597.06,44528611.89,44528611.89,-239498.0238,-239498.0238,-239498.0238,-239498.0238,-239498.0238,-239498.0238,0,0,0
5/27/2019,45786065.84,,44526962.78,36987496.41,55289560.09,44526962.78,44526962.78,1259103.064,1259103.064,1259103.064,1259103.064,1259103.064,1259103.064,0,0,0
5/28/2019,46507595.05,,44525313.67,37645893.13,55966367.1,44525313.67,44525313.67,1982281.376,1982281.376,1982281.376,1982281.376,1982281.376,1982281.376,0,0,0
5/29/2019,45565204.86,,44523664.57,36431983.39,54534232.93,44523664.57,44523664.57,1041540.295,1041540.295,1041540.295,1041540.295,1041540.295,1041540.295,0,0,0
5/30/2019,45065027.24,,44522015.46,35346677.38,54733598.52,44522015.46,44522015.46,543011.7746,543011.7746,543011.7746,543011.7746,543011.7746,543011.7746,0,0,0
5/31/2019,40355046.49,,44520366.35,31776097.35,49512949.04,44520366.35,44520366.35,-4165319.866,-4165319.866,-4165319.866,-4165319.866,-4165319.866,-4165319.866,0,0,0
6/1/2019,44097598.63,,44518717.25,34895215.51,53385282.38,44518717.25,44518717.25,-421118.6196,-421118.6196,-421118.6196,-421118.6196,-421118.6196,-421118.6196,0,0,0
6/2/2019,44277570.12,,44517068.14,35199524.65,53400376.23,44517068.14,44517068.14,-239498.0238,-239498.0238,-239498.0238,-239498.0238,-239498.0238,-239498.0238,0,0,0
6/3/2019,45788953.79,,44529850.73,36385733.85,54957912.4,44529850.73,44529850.73,1259103.064,1259103.064,1259103.064,1259103.064,1259103.064,1259103.064,0,0,0
6/4/2019,46524914.69,,44542633.31,37317198.55,55940479.58,44542633.31,44542633.31,1982281.376,1982281.376,1982281.376,1982281.376,1982281.376,1982281.376,0,0,0
6/5/2019,45596956.19,,44555415.9,37011111.08,54383844.71,44555415.9,44555415.9,1041540.295,1041540.295,1041540.295,1041540.295,1041540.295,1041540.295,0,0,0
6/6/2019,45111210.26,,44568198.48,36027991.81,53811954.48,44568198.48,44568198.48,543011.7746,543011.7746,543011.7746,543011.7746,543011.7746,543011.7746,0,0,0
6/7/2019,40415661.2,,44580981.07,31238931.42,49844113.69,44580981.07,44580981.07,-4165319.866,-4165319.866,-4165319.866,-4165319.866,-4165319.866,-4165319.866,0,0,0
6/8/2019,44172645.03,,44593763.65,35490078.36,53569490.72,44593763.65,44593763.65,-421118.6196,-421118.6196,-421118.6196,-421118.6196,-421118.6196,-421118.6196,0,0,0
6/9/2019,44367048.21,,44606546.24,35884276.77,53069542.37,44606546.24,44606546.24,-239498.0238,-239498.0238,-239498.0238,-239498.0238,-239498.0238,-239498.0238,0,0,0
6/10/2019,45878431.89,,44619328.82,37237566.81,54513635.21,44619328.82,44619328.82,1259103.064,1259103.064,1259103.064,1259103.064,1259103.064,1259103.064,0,0,0
6/11/2019,46614392.78,,44632111.41,37398525.38,55330593.33,44632111.41,44632111.41,1982281.376,1982281.376,1982281.376,1982281.376,1982281.376,1982281.376,0,0,0
6/12/2019,45686434.29,,44644893.99,36630022.77,55617487.75,44644893.99,44644893.99,1041540.295,1041540.295,1041540.295,1041540.295,1041540.295,1041540.295,0,0,0
6/13/2019,45200688.35,,44657676.58,36112794.83,54420405.8,44657676.58,44657676.58,543011.7746,543011.7746,543011.7746,543011.7746,543011.7746,543011.7746,0,0,0
6/14/2019,40505139.29,,44670459.16,31161094.28,50390968.77,44670459.16,44670459.16,-4165319.866,-4165319.866,-4165319.866,-4165319.866,-4165319.866,-4165319.866,0,0,0
6/15/2019,44262123.13,,44683241.75,34362829.27,52917777.36,44683241.75,44683241.75,-421118.6196,-421118.6196,-421118.6196,-421118.6196,-421118.6196,-421118.6196,0,0,0
6/16/2019,44465354.63,,44704852.66,35650591.65,54059732.36,44704852.66,44704852.66,-239498.0238,-239498.0238,-239498.0238,-239498.0238,-239498.0238,-239498.0238,0,0,0
6/17/2019,45985566.63,,44726463.57,36638229.97,55384987.54,44726463.57,44726463.57,1259103.064,1259103.064,1259103.064,1259103.064,1259103.064,1259103.064,0,0,0
6/18/2019,46730355.85,,44748074.48,37371117.25,55510927.33,44748074.48,44748074.48,1982281.376,1982281.376,1982281.376,1982281.376,1982281.376,1982281.376,0,0,0
6/19/2019,45811225.68,,44769685.39,37026767.54,55313259.06,44769685.39,44769685.39,1041540.295,1041540.295,1041540.295,1041540.295,1041540.295,1041540.295,0,0,0
6/20/2019,45334308.07,,44791296.3,36279425.06,55017027.86,44791296.3,44791296.3,543011.7746,543011.7746,543011.7746,543011.7746,543011.7746,543011.7746,0,0,0
6/22/2019,44413399.5,,44834518.12,35668843.7,52975872.95,44834518.12,44834518.12,-421118.6196,-421118.6196,-421118.6196,-421118.6196,-421118.6196,-421118.6196,0,0,0
6/23/2019,44616631.01,,44856129.03,35971713.05,53652241.04,44856129.03,44856129.03,-239498.0238,-239498.0238,-239498.0238,-239498.0238,-239498.0238,-239498.0238,0,0,0
6/24/2019,46136843,,44877739.94,37780337.93,54891292.84,44877739.94,44877739.94,1259103.064,1259103.064,1259103.064,1259103.064,1259103.064,1259103.064,0,0,0
6/26/2019,45962502.06,,44920961.76,36675518.78,54945296.9,44920961.76,44920961.76,1041540.295,1041540.295,1041540.295,1041540.295,1041540.295,1041540.295,0,0,0
6/27/2019,45485584.45,,44942572.67,36102288.43,55306424.73,44942572.67,44942572.67,543011.7746,543011.7746,543011.7746,543011.7746,543011.7746,543011.7746,0,0,0
6/28/2019,40798863.72,,44964183.58,32062923.22,49666175.47,44964183.58,44964183.58,-4165319.866,-4165319.866,-4165319.866,-4165319.866,-4165319.866,-4165319.866,0,0,0
6/29/2019,44564675.87,,44985794.49,35644020.49,54683115.67,44985794.49,44985794.49,-421118.6196,-421118.6196,-421118.6196,-421118.6196,-421118.6196,-421118.6196,0,0,0
6/30/2019,44775964.85,,45015462.87,35891459.5,54302270.05,45015462.87,45015462.87,-239498.0238,-239498.0238,-239498.0238,-239498.0238,-239498.0238,-239498.0238,0,0,0
7/1/2019,46304234.32,,45045131.25,37153530.31,56545834.77,45045131.25,45045131.25,1259103.064,1259103.064,1259103.064,1259103.064,1259103.064,1259103.064,0,0,0
7/2/2019,47057081.01,,45074799.63,38663410.17,55991127.08,45074799.63,45074799.63,1982281.376,1982281.376,1982281.376,1982281.376,1982281.376,1982281.376,0,0,0
7/3/2019,46146008.31,,45104468.01,36854501.2,55398022.81,45104468.01,45104468.01,1041540.295,1041540.295,1041540.295,1041540.295,1041540.295,1041540.295,0,0,0
7/4/2019,45677148.17,,45134136.39,35902534.35,55099888.65,45134136.39,45134136.39,543011.7746,543011.7746,543011.7746,543011.7746,543011.7746,543011.7746,0,0,0
7/5/2019,40998484.91,,45163804.77,31092620.54,49628311.65,45163804.77,45163804.77,-4165319.866,-4165319.866,-4165319.866,-4165319.866,-4165319.866,-4165319.866,0,0,0
7/6/2019,44772354.53,,45193473.15,35567685.64,53598514.14,45193473.15,45193473.15,-421118.6196,-421118.6196,-421118.6196,-421118.6196,-421118.6196,-421118.6196,0,0,0
7/7/2019,44983643.51,,45223141.53,36265979.92,53520827.8,45223141.53,45223141.53,-239498.0238,-239498.0238,-239498.0238,-239498.0238,-239498.0238,-239498.0238,0,0,0
7/8/2019,46511912.98,,45252809.91,37770420.66,55609273.92,45252809.91,45252809.91,1259103.064,1259103.064,1259103.064,1259103.064,1259103.064,1259103.064,0,0,0
7/9/2019,47264759.67,,45282478.3,37966235.87,56059888.01,45282478.3,45282478.3,1982281.376,1982281.376,1982281.376,1982281.376,1982281.376,1982281.376,0,0,0
7/10/2019,46353686.97,,45312146.68,37265324.2,55804643.88,45312146.68,45312146.68,1041540.295,1041540.295,1041540.295,1041540.295,1041540.295,1041540.295,0,0,0
7/11/2019,45884826.83,,45341815.06,36960761.35,55134430.83,45341815.06,45341815.06,543011.7746,543011.7746,543011.7746,543011.7746,543011.7746,543011.7746,0,0,0
7/12/2019,41206163.57,,45371483.44,31375433.72,50270874.05,45371483.44,45371483.44,-4165319.866,-4165319.866,-4165319.866,-4165319.866,-4165319.866,-4165319.866,0,0,0
7/13/2019,44987807.93,,45408926.55,36138915.08,54905645.41,45408926.55,45408926.55,-421118.6196,-421118.6196,-421118.6196,-421118.6196,-421118.6196,-421118.6196,0,0,0
7/14/2019,45206871.63,,45446369.65,35477432.78,54192254.9,45446369.65,45446369.65,-239498.0238,-239498.0238,-239498.0238,-239498.0238,-239498.0238,-239498.0238,0,0,0
7/15/2019,46742915.83,,45483812.76,37895575.51,55909846.52,45483812.76,45483812.76,1259103.064,1259103.064,1259103.064,1259103.064,1259103.064,1259103.064,0,0,0
7/16/2019,47503537.25,,45521255.87,38369412.85,56668204.29,45521255.87,45521255.87,1982281.376,1982281.376,1982281.376,1982281.376,1982281.376,1982281.376,0,0,0
7/17/2019,46600239.28,,45558698.98,37278133.52,55866595.98,45558698.98,45558698.98,1041540.295,1041540.295,1041540.295,1041540.295,1041540.295,1041540.295,0,0,0
7/18/2019,46139153.86,,45596142.09,37402426.21,54995760.27,45596142.09,45596142.09,543011.7746,543011.7746,543011.7746,543011.7746,543011.7746,543011.7746,0,0,0
7/22/2019,47005017.59,,45745914.53,38313214.04,55765299.97,45745914.53,45745914.53,1259103.064,1259103.064,1259103.064,1259103.064,1259103.064,1259103.064,0,0,0
7/23/2019,47765639.01,,45783357.63,39044339.69,56288538.1,45783357.63,45783357.63,1982281.376,1982281.376,1982281.376,1982281.376,1982281.376,1982281.376,0,0,0
7/24/2019,46862341.04,,45820800.74,38062754.88,56147548.98,45820800.74,45820800.74,1041540.295,1041540.295,1041540.295,1041540.295,1041540.295,1041540.295,0,0,0
7/25/2019,46401255.63,,45858243.85,37815828.96,55437787.76,45858243.85,45858243.85,543011.7746,543011.7746,543011.7746,543011.7746,543011.7746,543011.7746,0,0,0
7/26/2019,41730367.09,,45895686.96,33442057.52,51323321.8,45895686.96,45895686.96,-4165319.866,-4165319.866,-4165319.866,-4165319.866,-4165319.866,-4165319.866,0,0,0
7/28/2019,45731075.15,,45970573.18,36583530.36,54554284.69,45970573.18,45970573.18,-239498.0238,-239498.0238,-239498.0238,-239498.0238,-239498.0238,-239498.0238,0,0,0
7/29/2019,47272426.05,,46013322.98,38592973.48,56427547.17,46013322.98,46013322.98,1259103.064,1259103.064,1259103.064,1259103.064,1259103.064,1259103.064,0,0,0
7/30/2019,48038354.16,,46056072.79,39510291.9,56847490.22,46056072.79,46056072.79,1982281.376,1982281.376,1982281.376,1982281.376,1982281.376,1982281.376,0,0,0
7/31/2019,47140362.88,,46098822.59,37910802.47,55783461.81,46098822.59,46098822.59,1041540.295,1041540.295,1041540.295,1041540.295,1041540.295,1041540.295,0,0,0
8/1/2019,46684584.17,,46141572.39,37452270.79,55843849.94,46141572.39,46141572.39,543011.7746,543011.7746,543011.7746,543011.7746,543011.7746,543011.7746,0,0,0
8/2/2019,42019002.33,,46184322.2,33633169.98,51524117.59,46184322.2,46184322.2,-4165319.866,-4165319.866,-4165319.866,-4165319.866,-4165319.866,-4165319.866,0,0,0
8/17/2019,46404450.64,,46825569.26,37078770.67,55908368.79,46825569.26,46825569.26,-421118.6196,-421118.6196,-421118.6196,-421118.6196,-421118.6196,-421118.6196,0,0,0
8/18/2019,46628821.04,,46868319.06,37501950.85,55110920.74,46868319.06,46868319.06,-239498.0238,-239498.0238,-239498.0238,-239498.0238,-239498.0238,-239498.0238,0,0,0
8/19/2019,48170171.93,,46911068.86,38973394.96,58021565.94,46911068.86,46911068.86,1259103.064,1259103.064,1259103.064,1259103.064,1259103.064,1259103.064,0,0,0
8/20/2019,48936100.04,,46953818.67,39654700.76,58038756.46,46953818.67,46953818.67,1982281.376,1982281.376,1982281.376,1982281.376,1982281.376,1982281.376,0,0,0
8/21/2019,48038108.77,,46996568.47,38763350.54,57075950.87,46996568.47,46996568.47,1041540.295,1041540.295,1041540.295,1041540.295,1041540.295,1041540.295,0,0,0
8/22/2019,47582330.05,,47039318.27,38890275.01,56260688.41,47039318.27,47039318.27,543011.7746,543011.7746,543011.7746,543011.7746,543011.7746,543011.7746,0,0,0
8/23/2019,42916748.21,,47082068.08,33778068.9,52310481.82,47082068.08,47082068.08,-4165319.866,-4165319.866,-4165319.866,-4165319.866,-4165319.866,-4165319.866,0,0,0
8/24/2019,46703699.26,,47124817.88,37668763.57,55469133.66,47124817.88,47124817.88,-421118.6196,-421118.6196,-421118.6196,-421118.6196,-421118.6196,-421118.6196,0,0,0
8/25/2019,46928069.66,,47167567.69,37629964.87,56041362.66,47167567.69,47167567.69,-239498.0238,-239498.0238,-239498.0238,-239498.0238,-239498.0238,-239498.0238,0,0,0
8/26/2019,48469420.55,,47210317.49,39294059.07,58165224.36,47210317.49,47210317.49,1259103.064,1259103.064,1259103.064,1259103.064,1259103.064,1259103.064,0,0,0
8/27/2019,49235348.67,,47253067.29,40009378.48,58501803.71,47253067.29,47253067.29,1982281.376,1982281.376,1982281.376,1982281.376,1982281.376,1982281.376,0,0,0
8/28/2019,48337357.39,,47295817.1,38738015.29,57345014.09,47295817.1,47295817.1,1041540.295,1041540.295,1041540.295,1041540.295,1041540.295,1041540.295,0,0,0
8/29/2019,47881578.68,,47338566.9,39295766.09,56784818.79,47338566.9,47338566.9,543011.7746,543011.7746,543011.7746,543011.7746,543011.7746,543011.7746,0,0,0
8/30/2019,43215996.84,,47381316.71,34295664.83,52213250.67,47381316.71,47381316.71,-4165319.866,-4165319.866,-4165319.866,-4165319.866,-4165319.866,-4165319.866,0,0,0
8/31/2019,47002947.89,,47424066.51,38264304.21,56395029.12,47424066.51,47424066.51,-421118.6196,-421118.6196,-421118.6196,-421118.6196,-421118.6196,-421118.6196,0,0,0
9/1/2019,47227318.29,,47466816.31,38176840.48,56830164.15,47466816.31,47466816.31,-239498.0238,-239498.0238,-239498.0238,-239498.0238,-239498.0238,-239498.0238,0,0,0
9/2/2019,48768669.18,,47509566.12,40036156.02,58014661.99,47509566.12,47509566.12,1259103.064,1259103.064,1259103.064,1259103.064,1259103.064,1259103.064,0,0,0
9/3/2019,49534597.3,,47552315.92,40506944.65,58690837.95,47552315.92,47552315.92,1982281.376,1982281.376,1982281.376,1982281.376,1982281.376,1982281.376,0,0,0
9/4/2019,48636606.02,,47595065.72,39541467.47,56941982.16,47595065.72,47595065.72,1041540.295,1041540.295,1041540.295,1041540.295,1041540.295,1041540.295,0,0,0
9/5/2019,48180827.3,,47637815.53,39633759.79,57790561.3,47637815.53,47637815.53,543011.7746,543011.7746,543011.7746,543011.7746,543011.7746,543011.7746,0,0,0
9/6/2019,43515245.47,,47680565.33,34030636.3,53161731.21,47680565.33,47680565.33,-4165319.866,-4165319.866,-4165319.866,-4165319.866,-4165319.866,-4165319.866,0,0,0
9/7/2019,47302196.52,,47723315.14,38329486.91,57144923.07,47723315.14,47723315.14,-421118.6196,-421118.6196,-421118.6196,-421118.6196,-421118.6196,-421118.6196,0,0,0
9/8/2019,47526566.92,,47766064.94,38477971.63,56764785.12,47766064.94,47766064.94,-239498.0238,-239498.0238,-239498.0238,-239498.0238,-239498.0238,-239498.0238,0,0,0
9/9/2019,49067917.81,,47808814.74,39832872.85,58463618.26,47808814.74,47808814.74,1259103.064,1259103.064,1259103.064,1259103.064,1259103.064,1259103.064,0,0,0
9/10/2019,49833845.92,,47851564.55,41322413.01,59405058.57,47851564.55,47851564.55,1982281.376,1982281.376,1982281.376,1982281.376,1982281.376,1982281.376,0,0,0
9/11/2019,48935854.65,,47894314.35,40161382.29,58479399.43,47894314.35,47894314.35,1041540.295,1041540.295,1041540.295,1041540.295,1041540.295,1041540.295,0,0,0
9/13/2019,43814494.09,,47979813.96,34926326.87,52682582.63,47979813.96,47979813.96,-4165319.866,-4165319.866,-4165319.866,-4165319.866,-4165319.866,-4165319.866,0,0,0
9/14/2019,47601445.14,,48022563.76,39049908.59,56628714.48,48022563.76,48022563.76,-421118.6196,-421118.6196,-421118.6196,-421118.6196,-421118.6196,-421118.6196,0,0,0
9/15/2019,47825815.54,,48065313.57,38386311.45,56277957.4,48065313.57,48065313.57,-239498.0238,-239498.0238,-239498.0238,-239498.0238,-239498.0238,-239498.0238,0,0,0
9/16/2019,49367166.44,,48108063.37,40554006.32,58766485.86,48108063.37,48108063.37,1259103.064,1259103.064,1259103.064,1259103.064,1259103.064,1259103.064,0,0,0
9/17/2019,50133094.55,,48150813.18,40566965.57,59606317.55,48150813.18,48150813.18,1982281.376,1982281.376,1982281.376,1982281.376,1982281.376,1982281.376,0,0,0
9/18/2019,49235103.27,,48193562.98,39830443.49,58889907.98,48193562.98,48193562.98,1041540.295,1041540.295,1041540.295,1041540.295,1041540.295,1041540.295,0,0,0
9/19/2019,48779324.56,,48236312.78,39842095.6,58000125.79,48236312.78,48236312.78,543011.7746,543011.7746,543011.7746,543011.7746,543011.7746,543011.7746,0,0,0
9/20/2019,44113742.72,,48279062.59,34983262.15,52785539.31,48279062.59,48279062.59,-4165319.866,-4165319.866,-4165319.866,-4165319.866,-4165319.866,-4165319.866,0,0,0
9/21/2019,47900693.77,,48321812.39,38458539.19,57701523.7,48321812.39,48321812.39,-421118.6196,-421118.6196,-421118.6196,-421118.6196,-421118.6196,-421118.6196,0,0,0
9/22/2019,48125064.17,,48364562.19,39155321.04,57066596.13,48364562.19,48364562.19,-239498.0238,-239498.0238,-239498.0238,-239498.0238,-239498.0238,-239498.0238,0,0,0
9/23/2019,49666415.06,,48407312,40195133.8,58743204.61,48407312,48407312,1259103.064,1259103.064,1259103.064,1259103.064,1259103.064,1259103.064,0,0,0
9/24/2019,50432343.18,,48450061.8,41527937.13,59106520.96,48450061.8,48450061.8,1982281.376,1982281.376,1982281.376,1982281.376,1982281.376,1982281.376,0,0,0
9/25/2019,49534351.9,,48492811.61,39972824.07,58765869.4,48492811.61,48492811.61,1041540.295,1041540.295,1041540.295,1041540.295,1041540.295,1041540.295,0,0,0
9/26/2019,49078573.18,,48535561.41,40551763.86,58725616.27,48535561.41,48535561.41,543011.7746,543011.7746,543011.7746,543011.7746,543011.7746,543011.7746,0,0,0
9/27/2019,44412991.35,,48578311.21,34794117.05,53202759.22,48578311.21,48578311.21,-4165319.866,-4165319.866,-4165319.866,-4165319.866,-4165319.866,-4165319.866,0,0,0
9/28/2019,48199942.4,,48621061.02,39544149.32,56986539.37,48621061.02,48621061.02,-421118.6196,-421118.6196,-421118.6196,-421118.6196,-421118.6196,-421118.6196,0,0,0
9/29/2019,48424312.8,,48663810.82,39793794.66,57388577.4,48663810.82,48663810.82,-239498.0238,-239498.0238,-239498.0238,-239498.0238,-239498.0238,-239498.0238,0,0,0
9/30/2019,49965663.69,,48706560.63,40400539.39,59046729.89,48706560.63,48706560.63,1259103.064,1259103.064,1259103.064,1259103.064,1259103.064,1259103.064,0,0,0
10/1/2019,50731591.8,,48749310.43,42543656.24,60328670.68,48749310.43,48749310.43,1982281.376,1982281.376,1982281.376,1982281.376,1982281.376,1982281.376,0,0,0
10/2/2019,49833600.53,,48792060.23,40294311.89,58860083.96,48792060.23,48792060.23,1041540.295,1041540.295,1041540.295,1041540.295,1041540.295,1041540.295,0,0,0
10/3/2019,49377821.81,,48834810.04,40395429.45,58221955.88,48834810.04,48834810.04,543011.7746,543011.7746,543011.7746,543011.7746,543011.7746,543011.7746,0,0,0
10/4/2019,44712239.97,,48877559.84,35435772.97,53927954.62,48877559.84,48877559.84,-4165319.866,-4165319.866,-4165319.866,-4165319.866,-4165319.866,-4165319.866,0,0,0
10/5/2019,48499191.02,,48920309.64,39121406.89,57545856.08,48920309.64,48920309.64,-421118.6196,-421118.6196,-421118.6196,-421118.6196,-421118.6196,-421118.6196,0,0,0
10/6/2019,48723561.42,,48963059.45,40278219.99,58133326.1,48963059.45,48963059.45,-239498.0238,-239498.0238,-239498.0238,-239498.0238,-239498.0238,-239498.0238,0,0,0
10/7/2019,50264912.32,,49005809.25,40907171.75,59231720.17,49005809.25,49005809.25,1259103.064,1259103.064,1259103.064,1259103.064,1259103.064,1259103.064,0,0,0
10/8/2019,51030840.43,,49048559.06,41022097.98,59917894.04,49048559.06,49048559.06,1982281.376,1982281.376,1982281.376,1982281.376,1982281.376,1982281.376,0,0,0
10/9/2019,50132849.15,,49091308.86,41009694.62,59837227.77,49091308.86,49091308.86,1041540.295,1041540.295,1041540.295,1041540.295,1041540.295,1041540.295,0,0,0
10/10/2019,49677070.44,,49134058.66,41154672.71,58800576.22,49134058.66,49134058.66,543011.7746,543011.7746,543011.7746,543011.7746,543011.7746,543011.7746,0,0,0
10/11/2019,45011488.6,,49176808.47,35841658.13,53767059.66,49176808.47,49176808.47,-4165319.866,-4165319.866,-4165319.866,-4165319.866,-4165319.866,-4165319.866,0,0,0
10/12/2019,48798439.65,,49219558.27,40153883.4,58278681.4,49219558.27,49219558.27,-421118.6196,-421118.6196,-421118.6196,-421118.6196,-421118.6196,-421118.6196,0,0,0
10/13/2019,49022810.05,,49262308.08,39863789.69,58303953.83,49262308.08,49262308.08,-239498.0238,-239498.0238,-239498.0238,-239498.0238,-239498.0238,-239498.0238,0,0,0
10/14/2019,50564160.94,,49305057.88,41713637.2,59626477.18,49305057.88,49305057.88,1259103.064,1259103.064,1259103.064,1259103.064,1259103.064,1259103.064,0,0,0
10/15/2019,51330089.06,,49347807.68,42195727.2,60406258.26,49347807.68,49347807.68,1982281.376,1982281.376,1982281.376,1982281.376,1982281.376,1982281.376,0,0,0
10/17/2019,49976319.07,,49433307.29,40697376.06,59253227.86,49433307.29,49433307.29,543011.7746,543011.7746,543011.7746,543011.7746,543011.7746,543011.7746,0,0,0
10/18/2019,45310737.23,,49476057.09,36252172.82,54421958,49476057.09,49476057.09,-4165319.866,-4165319.866,-4165319.866,-4165319.866,-4165319.866,-4165319.866,0,0,0
10/19/2019,49097688.28,,49518806.9,40289420.06,58681087.29,49518806.9,49518806.9,-421118.6196,-421118.6196,-421118.6196,-421118.6196,-421118.6196,-421118.6196,0,0,0
10/20/2019,49322058.68,,49561556.7,40328304.87,58327772.01,49561556.7,49561556.7,-239498.0238,-239498.0238,-239498.0238,-239498.0238,-239498.0238,-239498.0238,0,0,0
10/21/2019,50863409.57,,49604306.51,41903669.81,60112192.74,49604306.51,49604306.51,1259103.064,1259103.064,1259103.064,1259103.064,1259103.064,1259103.064,0,0,0
10/22/2019,51629337.69,,49647056.31,42825450.2,60985813.41,49647056.31,49647056.31,1982281.376,1982281.376,1982281.376,1982281.376,1982281.376,1982281.376,0,0,0
10/23/2019,50731346.41,,49689806.11,41802459.82,59929075.26,49689806.11,49689806.11,1041540.295,1041540.295,1041540.295,1041540.295,1041540.295,1041540.295,0,0,0
10/24/2019,50275567.69,,49732555.92,40923872.74,59044972.56,49732555.92,49732555.92,543011.7746,543011.7746,543011.7746,543011.7746,543011.7746,543011.7746,0,0,0
10/25/2019,45609985.86,,49775305.72,36850966.9,54723050.41,49775305.72,49775305.72,-4165319.866,-4165319.866,-4165319.866,-4165319.866,-4165319.866,-4165319.866,0,0,0
10/26/2019,49396936.91,,49818055.53,40755338.62,59153271.98,49818055.53,49818055.53,-421118.6196,-421118.6196,-421118.6196,-421118.6196,-421118.6196,-421118.6196,0,0,0
10/27/2019,49621307.31,,49860805.33,40964059.15,59154083.13,49860805.33,49860805.33,-239498.0238,-239498.0238,-239498.0238,-239498.0238,-239498.0238,-239498.0238,0,0,0
10/28/2019,51162658.2,,49903555.13,41866140.99,60594273.32,49903555.13,49903555.13,1259103.064,1259103.064,1259103.064,1259103.064,1259103.064,1259103.064,0,0,0
10/29/2019,51928586.31,,49946304.94,42555593.11,61009647.16,49946304.94,49946304.94,1982281.376,1982281.376,1982281.376,1982281.376,1982281.376,1982281.376,0,0,0
10/30/2019,51030595.04,,49989054.74,41683189.38,60090080.61,49989054.74,49989054.74,1041540.295,1041540.295,1041540.295,1041540.295,1041540.295,1041540.295,0,0,0
10/31/2019,50574816.32,,50031804.54,41179436.04,59095159.73,50031804.54,50031804.54,543011.7746,543011.7746,543011.7746,543011.7746,543011.7746,543011.7746,0,0,0
11/1/2019,45909234.48,49398208,50074554.35,36179375.43,55280845.77,50074554.35,50074554.35,-4165319.866,-4165319.866,-4165319.866,-4165319.866,-4165319.866,-4165319.866,0,0,0
11/2/2019,49696185.53,52861588,50117304.15,40435018.18,59035263.86,50117304.15,50117304.15,-421118.6196,-421118.6196,-421118.6196,-421118.6196,-421118.6196,-421118.6196,0,0,0
11/3/2019,49920555.93,56257964,50160053.96,41021022.19,58904780.23,50160053.96,50160053.96,-239498.0238,-239498.0238,-239498.0238,-239498.0238,-239498.0238,-239498.0238,0,0,0
11/4/2019,51461906.82,52976700,50202803.76,42217262.91,61612035.77,50202803.76,50202803.76,1259103.064,1259103.064,1259103.064,1259103.064,1259103.064,1259103.064,0,0,0
11/5/2019,52227834.94,53745796,50245553.56,43222720.32,61483676.2,50244713.81,50246949,1982281.376,1982281.376,1982281.376,1982281.376,1982281.376,1982281.376,0,0,0
11/6/2019,51329843.66,55480824,50288303.37,41886525.63,60638119.1,50285813.11,50293196.63,1041540.295,1041540.295,1041540.295,1041540.295,1041540.295,1041540.295,0,0,0
11/7/2019,50874064.95,54638848,50331053.17,42241511.57,59744576.49,50326394.09,50338417.93,543011.7746,543011.7746,543011.7746,543011.7746,543011.7746,543011.7746,0,0,0
11/8/2019,46208483.11,48378884,50373802.98,37067159.23,54982875.6,50366991.4,50385173.08,-4165319.866,-4165319.866,-4165319.866,-4165319.866,-4165319.866,-4165319.866,0,0,0
11/9/2019,49995434.16,51963824,50416552.78,40512507.22,58837800.78,50405943.8,50431544.49,-421118.6196,-421118.6196,-421118.6196,-421118.6196,-421118.6196,-421118.6196,0,0,0
11/10/2019,50219804.56,66672588,50459302.58,41118162.9,59614222.28,50443762,50479747.87,-239498.0238,-239498.0238,-239498.0238,-239498.0238,-239498.0238,-239498.0238,0,0,0
,,,,,,,,,,,,,,,,
,,,,,,,,,,,,,,,,
Date,No Season,Actuals,With Season,No season diff%,Season diff %,,,,,,,,,,,
11/1/2019,45909234.48,49398208,50432614.62,7%,-2%,,,,,,,,,,,
11/2/2019,49696185.53,52861588,53713018.96,6%,-2%,,,,,,,,,,,
11/3/2019,49920555.93,56257964,53712575.62,11%,5%,,,,,,,,,,,
11/4/2019,51461906.82,52976700,54503505.87,3%,-3%,,,,,,,,,,,
11/5/2019,52227834.94,53745796,55419638.84,3%,-3%,,,,,,,,,,,
11/6/2019,51329843.66,55480824,54013531.59,7%,3%,,,,,,,,,,,
11/7/2019,50874064.95,54638848,53138415.38,7%,3%,,,,,,,,,,,
11/8/2019,46208483.11,48378884,48425913.88,4%,0%,,,,,,,,,,,
11/9/2019,49995434.16,51963824,51861177.38,4%,0%,,,,,,,,,,,
11/10/2019,50219804.56,66672588,52063561.8,25%,22%,,,,,,,,,,,
