site_weather_collection_time,site_date,site_name,site_location,site_co_ordinate_longitude,site_co_ordinate_latitude,site_id,site_weather_id,site_main_temp,site_main_pressure,site_main_humidity,site_main_temp_min,site_main_temp_max,site_wind_speed,site_wind_deg,site_clouds_all,site_sys_id,site_sys_message,site_sys_sunrise,site_sys_sunset,site_weather_description,site_weather_main,site_weather_icon
1560322579,6/12/2019,BCCDM-Mafraqsite05,Dubayy,55,25,292224,800,43.46,999,7,43,45,3.6,80,0,7526,0.0049,1560302989,1560352191,clear sky,Clear,01d
1560326179,6/12/2019,BCCDM-Mafraqsite05,Dubayy,55,25,292224,800,45,999,10,45,45,2.1,40,0,7539,0.0052,1560302989,1560352191,clear sky,Clear,01d
1560344179,6/12/2019,BCCDM-Mafraqsite05,Dubayy,55,25,292224,800,43.24,996,12,42,44,5.1,310,0,7526,0.0052,1560302989,1560352191,clear sky,Clear,01d
1560321016,6/12/2019,BCCDM-Mafraqsite05,Dubayy,55,25,292224,800,43.5,1000,12,43,45,3.6,50,0,7539,0.0051,1560302989,1560352191,clear sky,Clear,01d
1560351379,6/12/2019,BCCDM-Mafraqsite05,Dubayy,55,25,292224,800,42.28,997,21,41,43,5.7,340,0,7539,0.0062,1560302989,1560352191,clear sky,Clear,01d
1560354979,6/12/2019,BCCDM-Mafraqsite05,Dubayy,55,25,292224,800,41.29,997,22,39,43,3.6,10,0,7539,0.0077,1560302989,1560352191,clear sky,Clear,01n
1560358579,6/12/2019,BCCDM-Mafraqsite05,Dubayy,55,25,292224,800,39.79,998,27,37,43,2.1,340,0,7539,0.0049,1560302989,1560352191,clear sky,Clear,01n
1560311889,6/12/2019,BCCDM-Mafraqsite05,Dubayy,55,25,292224,800,33.52,999,35,32,37,4.6,110,0,7539,0.0055,1560302989,1560352191,clear sky,Clear,01d
1560362179,6/12/2019,BCCDM-Mafraqsite05,Dubayy,55,25,292224,800,37.03,998,53,35,39,3.6,310,0,7539,0.0049,1560302989,1560352191,clear sky,Clear,01n
1560365779,6/12/2019,BCCDM-Mafraqsite05,Dubayy,55,25,292224,800,34.51,999,59,34,35,3.6,320,0,7539,0.0052,1560302989,1560352191,clear sky,Clear,01n
1560369380,6/12/2019,BCCDM-Mafraqsite05,Dubayy,55,25,292224,800,34.02,1000,63,33,36,2.1,340,0,7539,0.006,1560302989,1560352191,clear sky,Clear,01n
1560330048,6/12/2019,BCCDM-PortSaeedSite01,A? ?uw?r,55,25,412578,800,44.73,998,7,42,47,3.1,NULL,0,7526,0.0059,1560302874,1560352143,clear sky,Clear,01d
1560326448,6/12/2019,BCCDM-PortSaeedSite01,A? ?uw?r,55,25,412578,800,45.23,999,7,45,46,1,NULL,0,7526,0.0069,1560302874,1560352143,clear sky,Clear,01d
1560333649,6/12/2019,BCCDM-PortSaeedSite01,A? ?uw?r,55,25,412578,800,44.7,997,11,44,47,5.1,NULL,0,7526,0.0099,1560302874,1560352143,clear sky,Clear,01d
1560344448,6/12/2019,BCCDM-PortSaeedSite01,A? ?uw?r,55,25,412578,800,43.22,996,12,42,44,5.1,310,0,7526,0.0055,1560302874,1560352143,clear sky,Clear,01d
1560337247,6/12/2019,BCCDM-PortSaeedSite01,A? ?uw?r,55,25,412578,800,43.7,996,12,42,45,6.2,300,0,7526,0.0056,1560302874,1560352143,clear sky,Clear,01d
1560340848,6/12/2019,BCCDM-PortSaeedSite01,A? ?uw?r,55,25,412578,800,43.46,996,13,42,45,6.7,300,0,7526,0.0048,1560302874,1560352143,clear sky,Clear,01d
1560401780,6/13/2019,BCCDM-Mafraqsite05,Dubayy,55,25,292224,800,36.76,1000,11,36,37,4.1,170,0,7539,0.0051,1560389392,1560438611,clear sky,Clear,01d
1560416180,6/13/2019,BCCDM-Mafraqsite05,Dubayy,55,25,292224,800,44.75,1000,12,44,45,4.1,210,0,7539,0.0053,1560389392,1560438611,clear sky,Clear,01d
1560398180,6/13/2019,BCCDM-Mafraqsite05,Dubayy,55,25,292224,800,32.45,999,17,30,36,4.6,150,0,7539,0.0058,1560389392,1560438611,clear sky,Clear,01d
1560405380,6/13/2019,BCCDM-Mafraqsite05,Dubayy,55,25,292224,800,40,1000,20,40,40,6.7,180,0,7539,0.0052,1560389392,1560438611,clear sky,Clear,01d
1560408980,6/13/2019,BCCDM-Mafraqsite05,Dubayy,55,25,292224,800,41.48,1000,20,40,43,7.2,170,0,7539,0.005,1560389392,1560438611,clear sky,Clear,01d
1560452180,6/13/2019,BCCDM-Mafraqsite05,Dubayy,55,25,292224,800,36.27,999,36,35,39,1.5,340,0,7539,0.0048,1560389392,1560438611,clear sky,Clear,01n
1560448580,6/13/2019,BCCDM-Mafraqsite05,Dubayy,55,25,292224,800,37.03,999,41,35,40,2.1,320,0,7539,0.005,1560389392,1560438611,clear sky,Clear,01n
1560394580,6/13/2019,BCCDM-Mafraqsite05,Dubayy,55,25,292224,800,30.28,998,61,28,35,3.1,120,0,7539,0.0049,1560389392,1560438611,clear sky,Clear,01d
1560372979,6/13/2019,BCCDM-Mafraqsite05,Dubayy,55,25,292224,800,33.01,999,62,32,36,2.1,10,0,7539,0.0048,1560389392,1560438611,clear sky,Clear,01n
1560390979,6/13/2019,BCCDM-Mafraqsite05,Dubayy,55,25,292224,800,30.52,998,69,28,35,2.6,70,0,7539,0.0058,1560389392,1560438611,clear sky,Clear,01d
1560416450,6/13/2019,BCCDM-PortSaeedSite01,A? ?uw?r,55,25,412578,800,44.75,999,7,44,45,4.1,200,0,7526,0.0056,1560389277,1560438564,clear sky,Clear,01d
1560412850,6/13/2019,BCCDM-PortSaeedSite01,A? ?uw?r,55,25,412578,800,43.73,999,9,43,45,3.6,200,0,7526,0.0062,1560389277,1560438564,clear sky,Clear,01d
1560420051,6/13/2019,BCCDM-PortSaeedSite01,A? ?uw?r,55,25,412578,800,43.75,998,17,42,45,5.7,290,0,7526,0.0053,1560389277,1560438564,clear sky,Clear,01d
1560402049,6/13/2019,BCCDM-PortSaeedSite01,A? ?uw?r,55,25,412578,800,36.97,1000,17,36,38,4.6,180,0,7526,0.0057,1560389277,1560438564,clear sky,Clear,01d
1560423649,6/13/2019,BCCDM-PortSaeedSite01,A? ?uw?r,55,25,412578,800,42.47,997,20,42,44,5.7,290,0,7526,0.0061,1560389277,1560438564,clear sky,Clear,01d
1560427249,6/13/2019,BCCDM-PortSaeedSite01,A? ?uw?r,55,25,412578,800,41.23,997,23,41,42,6.7,300,0,7526,0.0052,1560389277,1560438564,clear sky,Clear,01d
1560398449,6/13/2019,BCCDM-PortSaeedSite01,A? ?uw?r,55,25,412578,800,33.45,999,47,32,36,2.1,150,0,7526,0.0062,1560389277,1560438564,clear sky,Clear,01d
1560502581,6/14/2019,BCCDM-Mafraqsite05,Dubayy,55,25,292224,800,42.21,999,15,40,45,6.7,230,0,7539,0.0045,1560475796,1560525031,clear sky,Clear,01d
1560498981,6/14/2019,BCCDM-Mafraqsite05,Dubayy,55,25,292224,800,42.02,1000,18,41,43,6.7,210,0,7539,0.0047,1560475796,1560525031,clear sky,Clear,01d
1560495382,6/14/2019,BCCDM-Mafraqsite05,Dubayy,55,25,292224,800,40.02,1000,20,39,41,6.2,200,0,7539,0.0049,1560475796,1560525031,clear sky,Clear,01d
1560516981,6/14/2019,BCCDM-Mafraqsite05,Dubayy,55,25,292224,800,39.22,997,28,38,40,7.7,290,0,7539,0.0052,1560475796,1560525031,clear sky,Clear,01d
1560520581,6/14/2019,BCCDM-Mafraqsite05,Dubayy,55,25,292224,800,38.75,997,42,38,40,7.2,300,0,7539,0.0053,1560475796,1560525031,clear sky,Clear,01d
1560524182,6/14/2019,BCCDM-Mafraqsite05,Dubayy,55,25,292224,800,37.51,998,44,37,38,6.2,310,0,7539,0.0045,1560475796,1560525031,clear sky,Clear,01d
1560527782,6/14/2019,BCCDM-Mafraqsite05,Dubayy,55,25,292224,800,36.78,998,53,36,38,3.6,340,0,7539,0.0045,1560475796,1560525031,clear sky,Clear,01n
1560531383,6/14/2019,BCCDM-Mafraqsite05,Dubayy,55,25,292224,800,36.29,998,63,34,38,2.6,340,0,7539,0.0048,1560475796,1560525031,clear sky,Clear,01n
1560470180,6/14/2019,BCCDM-Mafraqsite05,Dubayy,55,25,292224,800,32.52,998,66,31,36,2.6,270,0,7539,0.0062,1560475796,1560525031,clear sky,Clear,01n
1560534982,6/14/2019,BCCDM-Mafraqsite05,Dubayy,55,25,292224,800,35.79,999,67,34,38,2.1,320,0,7539,0.0075,1560475796,1560525031,clear sky,Clear,01n
1560542182,6/14/2019,BCCDM-Mafraqsite05,Dubayy,55,25,292224,800,34.29,999,70,32,37,3.6,270,0,7539,0.0051,1560475796,1560525031,clear sky,Clear,01n
1560538282,6/14/2019,BCCDM-Mafraqsite05,Dubayy,55,25,292224,800,35.04,999,70,33,38,3.1,290,0,7539,0.0054,1560475796,1560525031,clear sky,Clear,01n
1560499253,6/14/2019,BCCDM-PortSaeedSite01,A? ?uw?r,55,25,412578,800,41.98,999,13,41,43,7.2,190,0,7526,0.0071,1560475681,1560524983,clear sky,Clear,01d
1560492052,6/14/2019,BCCDM-PortSaeedSite01,A? ?uw?r,55,25,412578,800,38.2,999,15,36,40,7.7,180,0,7526,0.0069,1560475681,1560524983,clear sky,Clear,01d
1560495659,6/14/2019,BCCDM-PortSaeedSite01,A? ?uw?r,55,25,412578,800,40.21,1000,15,39,42,7.7,190,0,7526,0.006,1560475681,1560524983,clear sky,Clear,01d
1560488453,6/14/2019,BCCDM-PortSaeedSite01,A? ?uw?r,55,25,412578,800,35.94,999,18,34,38,6.7,180,0,7526,0.0081,1560475681,1560524983,clear sky,Clear,01d
1560520852,6/14/2019,BCCDM-PortSaeedSite01,A? ?uw?r,55,25,412578,800,38.48,997,33,38,39,4.1,300,0,7526,0.0055,1560475681,1560524983,clear sky,Clear,01d
1560473857,6/14/2019,BCCDM-PortSaeedSite01,A? ?uw?r,55,25,412578,800,31.95,997,34,30,36,2.6,320,0,7537,0.0064,1560475681,1560524983,clear sky,Clear,01n
1560524454,6/14/2019,BCCDM-PortSaeedSite01,A? ?uw?r,55,25,412578,800,37.25,998,39,37,38,3.1,NULL,0,7526,0.0047,1560475681,1560524983,clear sky,Clear,01d
1560528053,6/14/2019,BCCDM-PortSaeedSite01,A? ?uw?r,55,25,412578,800,36.75,998,41,36,38,2.1,300,0,7526,0.0064,1560475681,1560524983,clear sky,Clear,01n
1560531654,6/14/2019,BCCDM-PortSaeedSite01,A? ?uw?r,55,25,412578,800,35.98,998,44,34,38,1,NULL,0,7526,0.0049,1560475681,1560524983,clear sky,Clear,01n
1560535255,6/14/2019,BCCDM-PortSaeedSite01,A? ?uw?r,55,25,412578,800,35.75,999,46,34,38,2.1,280,0,7526,0.0064,1560475681,1560524983,clear sky,Clear,01n
1560538853,6/14/2019,BCCDM-PortSaeedSite01,A? ?uw?r,55,25,412578,800,34.99,999,52,33,38,2.6,280,0,7526,0.0056,1560475681,1560524983,clear sky,Clear,01n
1560614183,6/15/2019,BCCDM-Mafraqsite05,Dubayy,55,25,292224,800,38.5,998,22,38,40,5.1,340,0,7539,0.0067,1560562202,1560611449,clear sky,Clear,01n
1560617783,6/15/2019,BCCDM-Mafraqsite05,Dubayy,55,25,292224,800,37.5,999,23,37,38,2.1,30,0,7539,0.0073,1560562202,1560611449,clear sky,Clear,01n
1560621383,6/15/2019,BCCDM-Mafraqsite05,Dubayy,55,25,292224,800,36.52,999,24,35,39,1,350,0,7539,0.005,1560562202,1560611449,clear sky,Clear,01n
1560610583,6/15/2019,BCCDM-Mafraqsite05,Dubayy,55,25,292224,800,38.98,998,26,38,41,5.7,330,0,7539,0.0065,1560562202,1560611449,clear sky,Clear,01d
1560592582,6/15/2019,BCCDM-Mafraqsite05,Dubayy,55,25,292224,800,41.21,999,26,39,44,3.6,200,0,7539,0.005,1560562202,1560611449,clear sky,Clear,01d
1560624983,6/15/2019,BCCDM-Mafraqsite05,Dubayy,55,25,292224,800,36,999,28,35,38,0.5,300,0,7539,0.0045,1560562202,1560611449,clear sky,Clear,01n
1560588983,6/15/2019,BCCDM-Mafraqsite05,Dubayy,55,25,292224,800,40.49,999,30,40,41,3.6,210,0,7539,0.0047,1560562202,1560611449,clear sky,Clear,01d
1560628583,6/15/2019,BCCDM-Mafraqsite05,Dubayy,55,25,292224,800,35.04,999,33,33,37,0.5,NULL,0,7539,0.0054,1560562202,1560611449,clear sky,Clear,01n
1560585383,6/15/2019,BCCDM-Mafraqsite05,Dubayy,55,25,292224,800,38.75,1000,33,38,39,5.1,210,0,7539,0.0065,1560562202,1560611449,clear sky,Clear,01d
1560596183,6/15/2019,BCCDM-Mafraqsite05,Dubayy,55,25,292224,800,40.47,998,34,37,44,4.6,330,0,7539,0.0048,1560562202,1560611449,clear sky,Clear,01d
1560606983,6/15/2019,BCCDM-Mafraqsite05,Dubayy,55,25,292224,800,40,998,35,39,41,6.2,340,0,7539,0.0049,1560562202,1560611449,clear sky,Clear,01d
1560581782,6/15/2019,BCCDM-Mafraqsite05,Dubayy,55,25,292224,800,36.27,1000,50,35,37,2.6,220,0,7539,0.0051,1560562202,1560611449,clear sky,Clear,01d
1560549404,6/15/2019,BCCDM-Mafraqsite05,Dubayy,55,25,292224,800,33.03,998,75,31,35,2.6,260,0,7539,0.005,1560562202,1560611449,clear sky,Clear,01n
1560578183,6/15/2019,BCCDM-Mafraqsite05,Dubayy,55,25,292224,800,33.05,1001,79,31,35,3.6,210,0,7539,0.0051,1560562202,1560611449,clear sky,Clear,01d
1560545782,6/15/2019,BCCDM-Mafraqsite05,Dubayy,55,25,292224,800,33.29,999,84,31,36,3.6,270,0,7539,0.0047,1560562202,1560611449,clear sky,Clear,01n
1560552982,6/15/2019,BCCDM-Mafraqsite05,Dubayy,55,25,292224,800,31.52,998,89,30,34,2.6,250,0,7539,0.0074,1560562202,1560611449,clear sky,Clear,01n
1560574582,6/15/2019,BCCDM-Mafraqsite05,Dubayy,55,25,292224,741,30.53,1001,100,28,33,3.6,180,0,7539,0.0058,1560562202,1560611449,fog,Fog,50d
1560610865,6/15/2019,BCCDM-PortSaeedSite01,A? ?uw?r,55,25,412578,800,38.73,998,16,38,40,3.6,310,0,7526,0.0061,1560562086,1560611402,clear sky,Clear,01d
1560607268,6/15/2019,BCCDM-PortSaeedSite01,A? ?uw?r,55,25,412578,800,39.96,997,18,39,41,5.1,310,0,7526,0.005,1560562086,1560611402,clear sky,Clear,01d
1560592858,6/15/2019,BCCDM-PortSaeedSite01,A? ?uw?r,55,25,412578,800,41.22,998,21,39,44,3.1,NULL,0,7526,0.0066,1560562086,1560611402,clear sky,Clear,01d
1560614452,6/15/2019,BCCDM-PortSaeedSite01,A? ?uw?r,55,25,412578,800,38,998,24,38,38,1.5,320,0,7526,0.0056,1560562086,1560611402,clear sky,Clear,01n
1560589264,6/15/2019,BCCDM-PortSaeedSite01,A? ?uw?r,55,25,412578,800,40.73,999,25,40,42,3.1,230,0,7526,0.0053,1560562086,1560611402,clear sky,Clear,01d
1560603652,6/15/2019,BCCDM-PortSaeedSite01,A? ?uw?r,55,25,412578,800,40.25,998,26,39,41,5.7,300,0,7526,0.0053,1560562086,1560611402,clear sky,Clear,01d
1560596451,6/15/2019,BCCDM-PortSaeedSite01,A? ?uw?r,55,25,412578,800,40.23,998,30,37,43,4.6,310,0,7526,0.0064,1560562086,1560611402,clear sky,Clear,01d
1560600069,6/15/2019,BCCDM-PortSaeedSite01,A? ?uw?r,55,25,412578,800,40.25,998,32,39,41,6.2,300,0,7526,0.0061,1560562086,1560611402,clear sky,Clear,01d
1560585667,6/15/2019,BCCDM-PortSaeedSite01,A? ?uw?r,55,25,412578,800,38.99,999,33,38,40,3.1,210,0,7526,0.0065,1560562086,1560611402,clear sky,Clear,01d
1560582052,6/15/2019,BCCDM-PortSaeedSite01,A? ?uw?r,55,25,412578,800,36.46,1000,39,35,38,4.1,220,0,7526,0.0073,1560562086,1560611402,clear sky,Clear,01d
1560542452,6/15/2019,BCCDM-PortSaeedSite01,A? ?uw?r,55,25,412578,800,34.26,999,55,32,37,1,260,0,7526,0.0053,1560562086,1560611402,clear sky,Clear,01n
1560546054,6/15/2019,BCCDM-PortSaeedSite01,A? ?uw?r,55,25,412578,800,32.99,998,58,31,36,0.5,250,0,7526,0.0049,1560562086,1560611402,clear sky,Clear,01n
1560549676,6/15/2019,BCCDM-PortSaeedSite01,A? ?uw?r,55,25,412578,800,33.01,998,58,31,35,1.5,140,0,7526,0.0051,1560562086,1560611402,clear sky,Clear,01n
1560675385,6/16/2019,BCCDM-Mafraqsite05,Dubayy,55,25,292224,800,42.43,1000,10,40,45,2.1,360,0,7539,0.005,1560648608,1560697867,clear sky,Clear,01d
1560678984,6/16/2019,BCCDM-Mafraqsite05,Dubayy,55,25,292224,800,42.19,999,25,39,46,3.6,340,0,7539,0.0052,1560648608,1560697867,clear sky,Clear,01d
1560686184,6/16/2019,BCCDM-Mafraqsite05,Dubayy,55,25,292224,800,40.45,998,30,38,43,7.2,320,0,7539,0.0058,1560648608,1560697867,clear sky,Clear,01d
1560632183,6/16/2019,BCCDM-Mafraqsite05,Dubayy,55,25,292224,800,33.5,999,33,33,35,1,NULL,0,7539,0.0053,1560648608,1560697867,clear sky,Clear,01n
1560689784,6/16/2019,BCCDM-Mafraqsite05,Dubayy,55,25,292224,800,39.24,998,35,38,41,8.2,330,0,7539,0.0066,1560648608,1560697867,clear sky,Clear,01d
1560635787,6/16/2019,BCCDM-Mafraqsite05,Dubayy,55,25,292224,800,32.77,998,38,30,37,2.1,170,0,7539,0.0068,1560648608,1560697867,clear sky,Clear,01n
1560639385,6/16/2019,BCCDM-Mafraqsite05,Dubayy,55,25,292224,800,32.31,999,39,29,36,2.1,50,0,7539,0.0055,1560648608,1560697867,clear sky,Clear,01n
1560646583,6/16/2019,BCCDM-Mafraqsite05,Dubayy,55,25,292224,800,31.26,998,42,29,37,1.5,190,0,7539,0.0046,1560648608,1560697867,clear sky,Clear,01n
1560642983,6/16/2019,BCCDM-Mafraqsite05,Dubayy,55,25,292224,800,31.82,998,45,28,36,2.1,70,0,7539,0.0048,1560648608,1560697867,clear sky,Clear,01n
1560657384,6/16/2019,BCCDM-Mafraqsite05,Dubayy,55,25,292224,800,31.53,1000,45,29,35,5.1,130,0,7539,0.006,1560648608,1560697867,clear sky,Clear,01d
1560653783,6/16/2019,BCCDM-Mafraqsite05,Dubayy,55,25,292224,800,29.55,999,47,27,33,2.1,140,0,7539,0.0054,1560648608,1560697867,clear sky,Clear,01d
1560650183,6/16/2019,BCCDM-Mafraqsite05,Dubayy,55,25,292224,800,30.25,999,48,28,34,1,NULL,0,7539,0.0047,1560648608,1560697867,clear sky,Clear,01d
1560700584,6/16/2019,BCCDM-Mafraqsite05,Dubayy,55,25,292224,800,36,999,50,36,36,5.1,340,0,7539,0.0056,1560648608,1560697867,clear sky,Clear,01n
1560704184,6/16/2019,BCCDM-Mafraqsite05,Dubayy,55,25,292224,800,34.74,999,56,34,35,1.5,320,0,7539,0.0051,1560648608,1560697867,clear sky,Clear,01n
1560707784,6/16/2019,BCCDM-Mafraqsite05,Dubayy,55,25,292224,800,33.77,1000,66,33,35,3.1,360,0,7539,0.0046,1560648608,1560697867,clear sky,Clear,01n
1560714984,6/16/2019,BCCDM-Mafraqsite05,Dubayy,55,25,292224,800,32.01,1000,70,31,35,1.5,70,0,7539,0.0059,1560648608,1560697867,clear sky,Clear,01n
1560711385,6/16/2019,BCCDM-Mafraqsite05,Dubayy,55,25,292224,800,32.76,1000,70,32,35,2.1,40,0,7539,0.0053,1560648608,1560697867,clear sky,Clear,01n
1560675658,6/16/2019,BCCDM-PortSaeedSite01,A? ?uw?r,55,25,412578,800,42.74,999,9,40,46,2.1,NULL,0,7526,0.0061,1560648492,1560697820,clear sky,Clear,01d
1560672054,6/16/2019,BCCDM-PortSaeedSite01,A? ?uw?r,55,25,412578,800,41.73,1000,11,40,44,1.5,NULL,0,7526,0.005,1560648492,1560697820,clear sky,Clear,01d
1560668452,6/16/2019,BCCDM-PortSaeedSite01,A? ?uw?r,55,25,412578,800,41.22,1000,14,40,42,1,NULL,0,7526,0.0055,1560648492,1560697820,clear sky,Clear,01d
1560664861,6/16/2019,BCCDM-PortSaeedSite01,A? ?uw?r,55,25,412578,800,37.95,1000,22,36,39,1.5,NULL,0,7526,0.0055,1560648492,1560697820,clear sky,Clear,01d
1560661256,6/16/2019,BCCDM-PortSaeedSite01,A? ?uw?r,55,25,412578,800,34.91,1000,27,32,37,2.1,340,0,7526,0.0075,1560648492,1560697820,clear sky,Clear,01d
1560690052,6/16/2019,BCCDM-PortSaeedSite01,A? ?uw?r,55,25,412578,800,39.22,997,30,38,41,6.2,310,0,7526,0.0071,1560648492,1560697820,clear sky,Clear,01d
1560679253,6/16/2019,BCCDM-PortSaeedSite01,A? ?uw?r,55,25,412578,800,41.99,998,31,39,45,4.1,310,0,7526,0.0055,1560648492,1560697820,clear sky,Clear,01d
1560686454,6/16/2019,BCCDM-PortSaeedSite01,A? ?uw?r,55,25,412578,800,40.25,997,32,38,42,6.2,310,0,7526,0.0064,1560648492,1560697820,clear sky,Clear,01d
1560682853,6/16/2019,BCCDM-PortSaeedSite01,A? ?uw?r,55,25,412578,800,40.46,998,32,38,44,6.2,300,0,7526,0.0062,1560648492,1560697820,clear sky,Clear,01d
1560657654,6/16/2019,BCCDM-PortSaeedSite01,A? ?uw?r,55,25,412578,800,31.92,1000,36,29,35,2.1,110,0,7526,0.0069,1560648492,1560697820,clear sky,Clear,01d
1560754585,6/17/2019,BCCDM-Mafraqsite05,Dubayy,55,25,292224,800,40.69,1000,11,39,44,3.6,200,0,7539,0.0059,1560735015,1560784284,clear sky,Clear,01d
1560758185,6/17/2019,BCCDM-Mafraqsite05,Dubayy,55,25,292224,800,41.19,1000,11,39,44,4.6,300,0,7539,0.005,1560735015,1560784284,clear sky,Clear,01d
1560750985,6/17/2019,BCCDM-Mafraqsite05,Dubayy,55,25,292224,800,38,1000,15,37,39,3.1,200,0,7539,0.0048,1560735015,1560784284,clear sky,Clear,01d
1560772585,6/17/2019,BCCDM-Mafraqsite05,Dubayy,55,25,292224,800,40.19,999,16,38,43,7.7,320,0,7539,0.0049,1560735015,1560784284,clear sky,Clear,01d
1560747386,6/17/2019,BCCDM-Mafraqsite05,Dubayy,55,25,292224,800,35.01,1000,19,34,36,1.5,220,0,7539,0.0051,1560735015,1560784284,clear sky,Clear,01d
1560761708,6/17/2019,BCCDM-Mafraqsite05,Dubayy,55,25,292224,800,40.42,1000,22,37,43,6.2,330,0,7539,0.0055,1560735015,1560784284,clear sky,Clear,01d
1560743785,6/17/2019,BCCDM-Mafraqsite05,Dubayy,55,25,292224,800,31.78,999,27,31,33,6.2,180,0,7539,0.0047,1560735015,1560784284,clear sky,Clear,01d
1560765386,6/17/2019,BCCDM-Mafraqsite05,Dubayy,55,25,292224,800,39.45,1000,32,37,42,6.7,340,0,7539,0.0047,1560735015,1560784284,clear sky,Clear,01d
1560776185,6/17/2019,BCCDM-Mafraqsite05,Dubayy,55,25,292224,800,38.97,998,33,37,41,6.2,330,0,7539,0.005,1560735015,1560784284,clear sky,Clear,01d
1560768985,6/17/2019,BCCDM-Mafraqsite05,Dubayy,55,25,292224,800,39.73,999,33,38,42,7.2,330,0,7539,0.0073,1560735015,1560784284,clear sky,Clear,01d
1560783386,6/17/2019,BCCDM-Mafraqsite05,Dubayy,55,25,292224,800,37.23,998,42,36,39,4.6,320,0,7539,0.0049,1560735015,1560784284,clear sky,Clear,01d
1560779785,6/17/2019,BCCDM-Mafraqsite05,Dubayy,55,25,292224,800,37.72,998,42,36,40,5.1,330,0,7539,0.0043,1560735015,1560784284,clear sky,Clear,01d
1560732984,6/17/2019,BCCDM-Mafraqsite05,Dubayy,55,25,292224,800,30.26,999,51,28,33,1,160,0,7539,0.0071,1560735015,1560784284,clear sky,Clear,01n
1560740185,6/17/2019,BCCDM-Mafraqsite05,Dubayy,55,25,292224,800,29.8,999,54,27,33,4.1,170,0,7539,0.0046,1560735015,1560784284,clear sky,Clear,01d
1560736585,6/17/2019,BCCDM-Mafraqsite05,Dubayy,55,25,292224,800,29.77,999,58,28,32,1.5,160,0,7539,0.0049,1560735015,1560784284,clear sky,Clear,01d
1560729385,6/17/2019,BCCDM-Mafraqsite05,Dubayy,55,25,292224,800,30,999,58,28,34,1.5,110,0,7539,0.0048,1560735015,1560784284,clear sky,Clear,01n
1560790585,6/17/2019,BCCDM-Mafraqsite05,Dubayy,55,25,292224,800,35.53,999,67,34,37,2.6,10,0,7539,0.0073,1560735015,1560784284,clear sky,Clear,01n
1560718585,6/17/2019,BCCDM-Mafraqsite05,Dubayy,55,25,292224,800,32.01,1000,74,31,35,1.5,100,0,7539,0.006,1560735015,1560784284,clear sky,Clear,01n
1560754856,6/17/2019,BCCDM-PortSaeedSite01,A? ?uw?r,55,25,412578,800,41.28,1000,11,39,44,2.6,NULL,0,7526,0.0207,1560734899,1560784237,clear sky,Clear,01d
1560751255,6/17/2019,BCCDM-PortSaeedSite01,A? ?uw?r,55,25,412578,800,38.22,1000,12,37,40,1.5,290,0,7526,0.0052,1560734899,1560784237,clear sky,Clear,01d
1560747655,6/17/2019,BCCDM-PortSaeedSite01,A? ?uw?r,55,25,412578,800,35.49,1000,15,35,36,2.6,220,0,7526,0.0111,1560734899,1560784237,clear sky,Clear,01d
1560772854,6/17/2019,BCCDM-PortSaeedSite01,A? ?uw?r,55,25,412578,800,40.23,998,17,38,43,5.1,310,0,7526,0.0056,1560734899,1560784237,clear sky,Clear,01d
1560769254,6/17/2019,BCCDM-PortSaeedSite01,A? ?uw?r,55,25,412578,800,39.72,999,17,38,42,4.6,310,0,7526,0.0053,1560734899,1560784237,clear sky,Clear,01d
1560765663,6/17/2019,BCCDM-PortSaeedSite01,A? ?uw?r,55,25,412578,800,39.72,999,17,37,43,4.1,310,0,7526,0.0106,1560734899,1560784237,clear sky,Clear,01d
1560744056,6/17/2019,BCCDM-PortSaeedSite01,A? ?uw?r,55,25,412578,800,31.99,999,19,31,33,3.1,230,0,7526,0.0062,1560734899,1560784237,clear sky,Clear,01d
1560776455,6/17/2019,BCCDM-PortSaeedSite01,A? ?uw?r,55,25,412578,800,38.99,998,21,37,41,3.6,320,0,7526,0.0051,1560734899,1560784237,clear sky,Clear,01d
1560762055,6/17/2019,BCCDM-PortSaeedSite01,A? ?uw?r,55,25,412578,800,40.26,1000,22,37,43,4.6,310,0,7526,0.0063,1560734899,1560784237,clear sky,Clear,01d
1560758201,6/17/2019,BCCDM-PortSaeedSite01,A? ?uw?r,55,25,412578,800,41.3,1000,23,39,44,4.6,340,0,7537,0.0053,1560734899,1560784237,clear sky,Clear,01d
1560740455,6/17/2019,BCCDM-PortSaeedSite01,A? ?uw?r,55,25,412578,800,30.23,999,32,28,33,2.1,200,0,7526,0.0068,1560734899,1560784237,clear sky,Clear,01d
1560790855,6/17/2019,BCCDM-PortSaeedSite01,A? ?uw?r,55,25,412578,800,35.47,998,47,34,37,1.5,70,0,7537,0.0065,1560734899,1560784237,clear sky,Clear,01n
1560787259,6/17/2019,BCCDM-PortSaeedSite01,A? ?uw?r,55,25,412578,800,36.48,997,50,35,37,3.1,30,0,7537,0.0059,1560734899,1560784237,clear sky,Clear,01n
1560945379,6/19/2019,BCCDM-Mafraqsite05,Dubayy,55,25,292224,800,39.72,995,21,38,42,6.2,290,0,7539,0.0067,1560907833,1560957115,clear sky,Clear,01d
1560938179,6/19/2019,BCCDM-Mafraqsite05,Dubayy,55,25,292224,800,41.29,996,35,39,43,5.7,270,0,7539,0.0077,1560907833,1560957115,clear sky,Clear,01d
1560948979,6/19/2019,BCCDM-Mafraqsite05,Dubayy,55,25,292224,800,38.72,995,37,37,41,7.2,290,0,7539,0.0061,1560907833,1560957115,clear sky,Clear,01d
1560941779,6/19/2019,BCCDM-Mafraqsite05,Dubayy,55,25,292224,800,41.05,995,37,39,44,5.1,270,0,7539,0.0069,1560907833,1560957115,clear sky,Clear,01d
1560930708,6/19/2019,BCCDM-Mafraqsite05,Dubayy,55,25,292224,800,39.02,996,37,38,40,5.7,260,0,7539,0.0063,1560907833,1560957115,clear sky,Clear,01d
1560934579,6/19/2019,BCCDM-Mafraqsite05,Dubayy,55,25,292224,800,40.03,996,39,38,41,6.2,270,0,7539,0.0056,1560907833,1560957115,clear sky,Clear,01d
1560923779,6/19/2019,BCCDM-Mafraqsite05,Dubayy,55,25,292224,800,36.25,997,41,36,37,6.7,270,0,7539,0.0092,1560907833,1560957115,clear sky,Clear,01d
1560920179,6/19/2019,BCCDM-Mafraqsite05,Dubayy,55,25,292224,800,34,997,49,34,34,5.1,230,0,7539,0.0086,1560907833,1560957115,clear sky,Clear,01d
1560916578,6/19/2019,BCCDM-Mafraqsite05,Dubayy,55,25,292224,800,31.75,997,52,31,32,5.7,210,0,7539,0.0069,1560907833,1560957115,clear sky,Clear,01d
1560952579,6/19/2019,BCCDM-Mafraqsite05,Dubayy,55,25,292224,701,36,995,56,35,37,7.7,300,0,7539,0.0066,1560907833,1560957115,mist,Mist,50d
1560909379,6/19/2019,BCCDM-Mafraqsite05,Dubayy,55,25,292224,800,31.52,996,58,30,33,4.1,190,0,7539,0.0082,1560907833,1560957115,clear sky,Clear,01d
1560905779,6/19/2019,BCCDM-Mafraqsite05,Dubayy,55,25,292224,800,31.76,996,59,30,33,4.1,210,0,7539,0.0069,1560907833,1560957115,clear sky,Clear,01n
1560898578,6/19/2019,BCCDM-Mafraqsite05,Dubayy,55,25,292224,800,33.53,997,63,31,35,5.1,230,0,7539,0.0067,1560907833,1560957115,clear sky,Clear,01n
1560902178,6/19/2019,BCCDM-Mafraqsite05,Dubayy,55,25,292224,800,32.54,996,70,31,34,4.6,210,0,7539,0.0063,1560907833,1560957115,clear sky,Clear,01n
1560974160,6/19/2019,BCCDM-Mafraqsite05,Dubayy,55,25,292224,800,32.51,998,75,32,33,4.6,250,0,7539,0.0078,1560907833,1560957115,clear sky,Clear,01n
1560945651,6/19/2019,BCCDM-PortSaeedSite01,A? ?uw?r,55,25,412578,800,39.72,994,20,38,42,3.6,260,0,7526,0.0059,1560907717,1560957068,clear sky,Clear,01d
1560942053,6/19/2019,BCCDM-PortSaeedSite01,A? ?uw?r,55,25,412578,800,40.97,995,22,39,44,4.6,260,0,7526,0.0071,1560907717,1560957068,clear sky,Clear,01d
1560938449,6/19/2019,BCCDM-PortSaeedSite01,A? ?uw?r,55,25,412578,800,41.21,995,23,39,43,5.7,230,0,7526,0.0059,1560907717,1560957068,clear sky,Clear,01d
1560934847,6/19/2019,BCCDM-PortSaeedSite01,A? ?uw?r,55,25,412578,800,39.96,995,28,38,41,4.1,240,0,7526,0.0077,1560907717,1560957068,clear sky,Clear,01d
1560931247,6/19/2019,BCCDM-PortSaeedSite01,A? ?uw?r,55,25,412578,800,38.98,996,29,38,40,3.6,240,0,7526,0.0069,1560907717,1560957068,clear sky,Clear,01d
1560924049,6/19/2019,BCCDM-PortSaeedSite01,A? ?uw?r,55,25,412578,800,36.47,996,37,36,38,5.1,230,0,7526,0.0069,1560907717,1560957068,clear sky,Clear,01d
1560920456,6/19/2019,BCCDM-PortSaeedSite01,A? ?uw?r,55,25,412578,800,34.47,996,44,34,36,6.2,210,0,7526,0.0078,1560907717,1560957068,clear sky,Clear,01d
1560949248,6/19/2019,BCCDM-PortSaeedSite01,A? ?uw?r,55,25,412578,800,38.01,994,50,37,39,6.2,270,0,7526,0.0071,1560907717,1560957068,clear sky,Clear,01d
1560952849,6/19/2019,BCCDM-PortSaeedSite01,A? ?uw?r,55,25,412578,701,35.75,995,60,35,36,8.2,250,0,7526,0.0092,1560907717,1560957068,mist,Mist,50d
1560956243,6/19/2019,BCCDM-PortSaeedSite01,A? ?uw?r,55,25,412578,800,34.74,995,63,34,35,6.7,260,0,7526,0.0063,1560907717,1560957068,clear sky,Clear,01d
1560960051,6/19/2019,BCCDM-PortSaeedSite01,A? ?uw?r,55,25,412578,800,33.75,996,70,33,35,4.6,260,0,7526,0.0069,1560907717,1560957068,clear sky,Clear,01n
1561028181,6/20/2019,BCCDM-Mafraqsite05,Dubayy,55,25,292224,800,42.74,997,21,42,43,4.1,150,0,7539,0.0077,1560994243,1561043530,clear sky,Clear,01d
1561024580,6/20/2019,BCCDM-Mafraqsite05,Dubayy,55,25,292224,800,41.76,997,23,41,42,4.6,120,0,7539,0.0059,1560994243,1561043530,clear sky,Clear,01d
1561020926,6/20/2019,BCCDM-Mafraqsite05,Dubayy,55,25,292224,800,40.02,998,29,39,41,4.1,140,0,7539,0.0074,1560994243,1561043530,clear sky,Clear,01d
1561017381,6/20/2019,BCCDM-Mafraqsite05,Dubayy,55,25,292224,800,38.27,998,37,37,39,4.6,140,0,7539,0.0069,1560994243,1561043530,clear sky,Clear,01d
1561031780,6/20/2019,BCCDM-Mafraqsite05,Dubayy,55,25,292224,761,41.77,996,38,41,43,6.2,350,0,7539,0.0086,1560994243,1561043530,dust,Dust,50d
1561013532,6/20/2019,BCCDM-Mafraqsite05,Dubayy,55,25,292224,800,36.02,999,47,35,37,3.6,150,0,7539,0.0056,1560994243,1561043530,clear sky,Clear,01d
1561035380,6/20/2019,BCCDM-Mafraqsite05,Dubayy,55,25,292224,761,41.78,996,48,39,43,8.7,310,0,7539,0.0075,1560994243,1561043530,dust,Dust,50d
1561010180,6/20/2019,BCCDM-Mafraqsite05,Dubayy,55,25,292224,800,33.76,999,55,33,34,3.6,160,0,7539,0.0062,1560994243,1561043530,clear sky,Clear,01d
1561038981,6/20/2019,BCCDM-Mafraqsite05,Dubayy,55,25,292224,761,41.06,996,56,37,43,7.7,330,0,7539,0.0101,1560994243,1561043530,dust,Dust,50d
1561006580,6/20/2019,BCCDM-Mafraqsite05,Dubayy,55,25,292224,800,32.01,998,62,31,33,5.7,160,0,7539,0.0074,1560994243,1561043530,clear sky,Clear,01d
1561042581,6/20/2019,BCCDM-Mafraqsite05,Dubayy,55,25,292224,721,40.06,996,63,36,42,7.7,320,0,7539,0.0078,1560994243,1561043530,haze,Haze,50d
1560999380,6/20/2019,BCCDM-Mafraqsite05,Dubayy,55,25,292224,800,30,997,70,29,31,5.1,160,0,7539,0.0086,1560994243,1561043530,clear sky,Clear,01d
1560988580,6/20/2019,BCCDM-Mafraqsite05,Dubayy,55,25,292224,800,31.03,997,70,30,32,3.1,190,0,7539,0.0072,1560994243,1561043530,clear sky,Clear,01n
1560984980,6/20/2019,BCCDM-Mafraqsite05,Dubayy,55,25,292224,800,31.27,997,70,30,32,3.1,220,0,7539,0.0067,1560994243,1561043530,clear sky,Clear,01n
1560981381,6/20/2019,BCCDM-Mafraqsite05,Dubayy,55,25,292224,800,32.03,997,70,31,33,3.6,230,0,7539,0.0065,1560994243,1561043530,clear sky,Clear,01n
1560977779,6/20/2019,BCCDM-Mafraqsite05,Dubayy,55,25,292224,800,32.27,997,70,31,33,3.6,220,0,7539,0.0064,1560994243,1561043530,clear sky,Clear,01n
1561002742,6/20/2019,BCCDM-Mafraqsite05,Dubayy,55,25,292224,800,30.27,998,70,29,32,5.7,160,0,7539,0.0068,1560994243,1561043530,clear sky,Clear,01d
1561046181,6/20/2019,BCCDM-Mafraqsite05,Dubayy,55,25,292224,721,38.55,997,71,35,41,6.7,320,0,7539,0.0068,1560994243,1561043530,haze,Haze,50n
1561056981,6/20/2019,BCCDM-Mafraqsite05,Dubayy,55,25,292224,800,35.27,998,71,34,37,6.2,330,0,7539,0.0085,1560994243,1561043530,clear sky,Clear,01n
1561053381,6/20/2019,BCCDM-Mafraqsite05,Dubayy,55,25,292224,800,36.03,998,71,34,38,6.7,320,0,7539,0.006,1560994243,1561043530,clear sky,Clear,01n
1560995780,6/20/2019,BCCDM-Mafraqsite05,Dubayy,55,25,292224,800,30.03,997,74,29,31,4.6,160,0,7539,0.0053,1560994243,1561043530,clear sky,Clear,01d
1560992183,6/20/2019,BCCDM-Mafraqsite05,Dubayy,55,25,292224,800,30.28,997,74,29,32,4.1,170,0,7539,0.007,1560994243,1561043530,clear sky,Clear,01n
1561049781,6/20/2019,BCCDM-Mafraqsite05,Dubayy,55,25,292224,800,37.04,997,75,34,39,7.2,310,0,7539,0.01,1560994243,1561043530,clear sky,Clear,01n
1561060581,6/20/2019,BCCDM-Mafraqsite05,Dubayy,55,25,292224,800,34.53,998,79,33,36,6.2,340,0,7539,0.0064,1560994243,1561043530,clear sky,Clear,01n
1561035651,6/20/2019,BCCDM-PortSaeedSite01,A? ?uw?r,55,25,412578,761,41.68,995,28,39,43,6.7,70,0,7526,0.008,1560994127,1561043482,dust,Dust,50d
1561028455,6/20/2019,BCCDM-PortSaeedSite01,A? ?uw?r,55,25,412578,800,42.75,996,28,42,43,5.1,NULL,0,7526,0.0067,1560994127,1561043482,clear sky,Clear,01d
1561024851,6/20/2019,BCCDM-PortSaeedSite01,A? ?uw?r,55,25,412578,800,41.97,996,30,41,43,3.6,100,0,7526,0.006,1560994127,1561043482,clear sky,Clear,01d
1561039251,6/20/2019,BCCDM-PortSaeedSite01,A? ?uw?r,55,25,412578,761,40.68,995,32,37,43,6.7,60,0,7526,0.0066,1560994127,1561043482,dust,Dust,50d
1561021254,6/20/2019,BCCDM-PortSaeedSite01,A? ?uw?r,55,25,412578,800,40.22,997,34,39,41,2.1,150,0,7526,0.0068,1560994127,1561043482,clear sky,Clear,01d
1561046452,6/20/2019,BCCDM-PortSaeedSite01,A? ?uw?r,55,25,412578,800,38.2,996,35,35,41,5.7,50,0,7526,0.0097,1560994127,1561043482,clear sky,Clear,01n
1561042849,6/20/2019,BCCDM-PortSaeedSite01,A? ?uw?r,55,25,412578,761,39.68,996,35,36,42,7.2,70,0,7526,0.0063,1560994127,1561043482,dust,Dust,50d
1561017656,6/20/2019,BCCDM-PortSaeedSite01,A? ?uw?r,55,25,412578,800,38.22,998,35,37,39,4.1,140,0,7526,0.0081,1560994127,1561043482,clear sky,Clear,01d
1561014058,6/20/2019,BCCDM-PortSaeedSite01,A? ?uw?r,55,25,412578,800,36.22,998,37,35,37,4.6,160,0,7526,0.0131,1560994127,1561043482,clear sky,Clear,01d
1561050051,6/20/2019,BCCDM-PortSaeedSite01,A? ?uw?r,55,25,412578,800,36.7,997,39,34,39,2.6,40,0,7526,0.0084,1560994127,1561043482,clear sky,Clear,01n
1561010456,6/20/2019,BCCDM-PortSaeedSite01,A? ?uw?r,55,25,412578,800,33.97,998,44,33,35,4.1,140,0,7526,0.007,1560994127,1561043482,clear sky,Clear,01d
1561053651,6/20/2019,BCCDM-PortSaeedSite01,A? ?uw?r,55,25,412578,800,35.96,998,44,34,38,2.1,310,0,7526,0.0063,1560994127,1561043482,clear sky,Clear,01n
1561006850,6/20/2019,BCCDM-PortSaeedSite01,A? ?uw?r,55,25,412578,800,32.22,998,52,31,33,4.6,140,0,7526,0.0067,1560994127,1561043482,clear sky,Clear,01d
1561057251,6/20/2019,BCCDM-PortSaeedSite01,A? ?uw?r,55,25,412578,800,34.99,998,52,34,37,3.6,40,0,7526,0.0063,1560994127,1561043482,clear sky,Clear,01n
1561003249,6/20/2019,BCCDM-PortSaeedSite01,A? ?uw?r,55,25,412578,800,30.46,998,58,29,32,5.1,150,0,7526,0.0071,1560994127,1561043482,clear sky,Clear,01d
1560985250,6/20/2019,BCCDM-PortSaeedSite01,A? ?uw?r,55,25,412578,800,31.27,996,70,30,32,3.1,180,0,7526,0.0072,1560994127,1561043482,clear sky,Clear,01n
1560996049,6/20/2019,BCCDM-PortSaeedSite01,A? ?uw?r,55,25,412578,800,30,997,70,29,31,4.1,150,0,7526,0.0077,1560994127,1561043482,clear sky,Clear,01d
1560999657,6/20/2019,BCCDM-PortSaeedSite01,A? ?uw?r,55,25,412578,800,30,997,70,29,31,4.1,150,0,7526,0.0085,1560994127,1561043482,clear sky,Clear,01d
1560981651,6/20/2019,BCCDM-PortSaeedSite01,A? ?uw?r,55,25,412578,800,31.77,996,74,30,33,3.1,180,0,7526,0.0079,1560994127,1561043482,clear sky,Clear,01n
1560974448,6/20/2019,BCCDM-PortSaeedSite01,A? ?uw?r,55,25,412578,800,32.5,997,75,32,33,4.1,220,0,7526,0.0066,1560994127,1561043482,clear sky,Clear,01n
1560978048,6/20/2019,BCCDM-PortSaeedSite01,A? ?uw?r,55,25,412578,800,32.27,997,79,31,33,3.1,180,0,7526,0.0092,1560994127,1561043482,clear sky,Clear,01n
1561107382,6/21/2019,BCCDM-Mafraqsite05,Dubayy,55,25,292224,800,40.49,1000,34,40,41,1.5,NULL,0,7539,0.0077,1561080654,1561129943,clear sky,Clear,01d
1561103785,6/21/2019,BCCDM-Mafraqsite05,Dubayy,55,25,292224,800,39.25,1000,37,39,40,2.1,NULL,0,7539,0.0073,1561080654,1561129943,clear sky,Clear,01d
1561100182,6/21/2019,BCCDM-Mafraqsite05,Dubayy,55,25,292224,800,37.74,1001,42,37,38,2.1,70,0,7539,0.0052,1561080654,1561129943,clear sky,Clear,01d
1561096581,6/21/2019,BCCDM-Mafraqsite05,Dubayy,55,25,292224,800,36.25,1001,50,36,37,3.1,80,0,7539,0.0065,1561080654,1561129943,clear sky,Clear,01d
1561136182,6/21/2019,BCCDM-Mafraqsite05,Dubayy,55,25,292224,800,34.23,999,59,33,36,4.1,350,0,7539,0.0084,1561080654,1561129943,clear sky,Clear,01n
1561092982,6/21/2019,BCCDM-Mafraqsite05,Dubayy,55,25,292224,800,34.76,1001,59,34,35,3.6,80,0,7539,0.0054,1561080654,1561129943,clear sky,Clear,01d
1561074981,6/21/2019,BCCDM-Mafraqsite05,Dubayy,55,25,292224,800,32.76,998,62,32,35,2.1,40,0,7539,0.0064,1561080654,1561129943,clear sky,Clear,01n
1561089384,6/21/2019,BCCDM-Mafraqsite05,Dubayy,55,25,292224,800,33.01,1000,62,32,34,3.1,70,0,7539,0.0087,1561080654,1561129943,clear sky,Clear,01d
1561132582,6/21/2019,BCCDM-Mafraqsite05,Dubayy,55,25,292224,800,34.74,999,63,34,36,4.1,320,0,7539,0.0068,1561080654,1561129943,clear sky,Clear,01n
1561125384,6/21/2019,BCCDM-Mafraqsite05,Dubayy,55,25,292224,761,35,999,63,34,37,7.2,340,0,7539,0.0055,1561080654,1561129943,dust,Dust,50d
1561139782,6/21/2019,BCCDM-Mafraqsite05,Dubayy,55,25,292224,800,34,1000,63,33,36,2.6,340,0,7539,0.0071,1561080654,1561129943,clear sky,Clear,01n
1561078581,6/21/2019,BCCDM-Mafraqsite05,Dubayy,55,25,292224,800,32.02,998,66,31,34,1.5,40,0,7539,0.0058,1561080654,1561129943,clear sky,Clear,01n
1561082182,6/21/2019,BCCDM-Mafraqsite05,Dubayy,55,25,292224,800,32.02,999,66,31,34,1.5,50,0,7539,0.0081,1561080654,1561129943,clear sky,Clear,01d
1561146983,6/21/2019,BCCDM-Mafraqsite05,Dubayy,55,25,292224,800,33.25,1000,66,32,36,1.5,350,0,7539,0.0079,1561080654,1561129943,clear sky,Clear,01n
1561128982,6/21/2019,BCCDM-Mafraqsite05,Dubayy,55,25,292224,800,35.76,999,67,35,38,6.7,340,0,7539,0.008,1561080654,1561129943,clear sky,Clear,01d
1561143384,6/21/2019,BCCDM-Mafraqsite05,Dubayy,55,25,292224,800,33.73,1000,67,32,36,2.1,340,0,7539,0.0059,1561080654,1561129943,clear sky,Clear,01n
1561085781,6/21/2019,BCCDM-Mafraqsite05,Dubayy,55,25,292224,800,32.02,1000,70,31,34,2.1,40,0,7539,0.0094,1561080654,1561129943,clear sky,Clear,01d
1561067788,6/21/2019,BCCDM-Mafraqsite05,Dubayy,55,25,292224,800,33.25,998,75,33,34,4.1,360,0,7539,0.0062,1561080654,1561129943,clear sky,Clear,01n
1561071382,6/21/2019,BCCDM-Mafraqsite05,Dubayy,55,25,292224,800,33.02,998,79,32,35,4.1,350,0,7539,0.0062,1561080654,1561129943,clear sky,Clear,01n
1561064181,6/21/2019,BCCDM-Mafraqsite05,Dubayy,55,25,292224,800,34.01,998,79,33,35,4.1,340,0,7539,0.0064,1561080654,1561129943,clear sky,Clear,01n
1561107652,6/21/2019,BCCDM-PortSaeedSite01,A? ?uw?r,55,25,412578,800,40.73,999,34,40,42,2.1,NULL,0,7526,0.0085,1561080538,1561129896,clear sky,Clear,01d
1561104081,6/21/2019,BCCDM-PortSaeedSite01,A? ?uw?r,55,25,412578,800,39.72,1000,40,39,41,2.1,NULL,0,7526,0.0073,1561080538,1561129896,clear sky,Clear,01d
1561100451,6/21/2019,BCCDM-PortSaeedSite01,A? ?uw?r,55,25,412578,800,37.75,1000,47,37,38,2.6,110,0,7526,0.0066,1561080538,1561129896,clear sky,Clear,01d
1561060852,6/21/2019,BCCDM-PortSaeedSite01,A? ?uw?r,55,25,412578,800,34.48,998,52,33,36,2.6,40,0,7526,0.0303,1561080538,1561129896,clear sky,Clear,01n
1561093263,6/21/2019,BCCDM-PortSaeedSite01,A? ?uw?r,55,25,412578,800,34.97,1000,53,34,36,4.6,100,0,7526,0.0084,1561080538,1561129896,clear sky,Clear,01d
1561068060,6/21/2019,BCCDM-PortSaeedSite01,A? ?uw?r,55,25,412578,800,33.25,998,55,33,34,3.1,40,0,7526,0.0076,1561080538,1561129896,clear sky,Clear,01n
1561064452,6/21/2019,BCCDM-PortSaeedSite01,A? ?uw?r,55,25,412578,800,33.75,998,55,33,35,2.1,30,0,7526,0.0076,1561080538,1561129896,clear sky,Clear,01n
1561071652,6/21/2019,BCCDM-PortSaeedSite01,A? ?uw?r,55,25,412578,800,32.99,998,59,32,35,2.1,50,0,7526,0.0059,1561080538,1561129896,clear sky,Clear,01n
1561086054,6/21/2019,BCCDM-PortSaeedSite01,A? ?uw?r,55,25,412578,800,32.23,1000,59,31,34,2.6,70,0,7526,0.0073,1561080538,1561129896,clear sky,Clear,01d
1561078851,6/21/2019,BCCDM-PortSaeedSite01,A? ?uw?r,55,25,412578,800,31.99,999,62,31,34,1.5,50,0,7526,0.0075,1561080538,1561129896,clear sky,Clear,01n
1561082453,6/21/2019,BCCDM-PortSaeedSite01,A? ?uw?r,55,25,412578,800,31.99,999,62,31,34,1.5,40,0,7526,0.011,1561080538,1561129896,clear sky,Clear,01d
1561089664,6/21/2019,BCCDM-PortSaeedSite01,A? ?uw?r,55,25,412578,800,32.98,1000,63,32,34,4.1,80,0,7526,0.0061,1561080538,1561129896,clear sky,Clear,01d
1561075253,6/21/2019,BCCDM-PortSaeedSite01,A? ?uw?r,55,25,412578,800,32.5,998,66,31,35,1.5,50,0,7526,0.0066,1561080538,1561129896,clear sky,Clear,01n
1561197383,6/22/2019,BCCDM-Mafraqsite05,Dubayy,55,25,292224,800,42.64,1001,21,42,43,1.5,NULL,0,7539,0.0065,1561167066,1561216355,clear sky,Clear,01d
1561208183,6/22/2019,BCCDM-Mafraqsite05,Dubayy,55,25,292224,761,43,999,25,43,43,7.2,300,0,7526,0.0061,1561167066,1561216355,dust,Dust,50d
1561193783,6/22/2019,BCCDM-Mafraqsite05,Dubayy,55,25,292224,800,41.31,1001,25,41,42,1.5,NULL,0,7539,0.0066,1561167066,1561216355,clear sky,Clear,01d
1561200983,6/22/2019,BCCDM-Mafraqsite05,Dubayy,55,25,292224,800,42.31,1000,28,42,43,5.7,350,0,7539,0.0072,1561167066,1561216355,clear sky,Clear,01d
1561190183,6/22/2019,BCCDM-Mafraqsite05,Dubayy,55,25,292224,800,39.64,1002,31,39,40,2.6,NULL,0,7539,0.0076,1561167066,1561216355,clear sky,Clear,01d
1561204583,6/22/2019,BCCDM-Mafraqsite05,Dubayy,55,25,292224,761,40.64,1000,34,40,41,8.7,320,0,7539,0.0062,1561167066,1561216355,dust,Dust,50d
1561211783,6/22/2019,BCCDM-Mafraqsite05,Dubayy,55,25,292224,761,40.5,999,35,40,41,7.7,330,0,7539,0.0053,1561167066,1561216355,dust,Dust,50d
1561218984,6/22/2019,BCCDM-Mafraqsite05,Dubayy,55,25,292224,800,38.74,1000,39,37,40,4.6,360,0,7539,0.0065,1561167066,1561216355,clear sky,Clear,01n
1561222584,6/22/2019,BCCDM-Mafraqsite05,Dubayy,55,25,292224,800,37.74,1001,39,36,40,3.1,360,0,7539,0.0064,1561167066,1561216355,clear sky,Clear,01n
1561215385,6/22/2019,BCCDM-Mafraqsite05,Dubayy,55,25,292224,761,40.03,1000,40,39,41,6.2,340,0,7539,0.0055,1561167066,1561216355,dust,Dust,50d
1561233385,6/22/2019,BCCDM-Mafraqsite05,Dubayy,55,25,292224,800,36.01,1001,44,35,39,1.5,40,0,7539,0.0069,1561167066,1561216355,clear sky,Clear,01n
1561186583,6/22/2019,BCCDM-Mafraqsite05,Dubayy,55,25,292224,800,37.31,1002,45,37,38,2.1,90,0,7539,0.0059,1561167066,1561216355,clear sky,Clear,01d
1561226184,6/22/2019,BCCDM-Mafraqsite05,Dubayy,55,25,292224,800,37,1001,47,36,39,2.1,350,0,7539,0.0062,1561167066,1561216355,clear sky,Clear,01n
1561229784,6/22/2019,BCCDM-Mafraqsite05,Dubayy,55,25,292224,800,36.27,1001,53,35,39,1,NULL,0,7539,0.0077,1561167066,1561216355,clear sky,Clear,01n
1561179383,6/22/2019,BCCDM-Mafraqsite05,Dubayy,55,25,292224,800,33.34,1002,63,33,34,2.6,110,0,7539,0.0062,1561167066,1561216355,clear sky,Clear,01d
1561182983,6/22/2019,BCCDM-Mafraqsite05,Dubayy,55,25,292224,800,34.98,1002,63,34,36,3.6,70,0,7539,0.0058,1561167066,1561216355,clear sky,Clear,01d
1561154184,6/22/2019,BCCDM-Mafraqsite05,Dubayy,55,25,292224,800,32.5,1000,66,31,34,1.5,350,0,7539,0.0063,1561167066,1561216355,clear sky,Clear,01n
1561157783,6/22/2019,BCCDM-Mafraqsite05,Dubayy,55,25,292224,800,32.5,1000,66,31,34,0.5,340,0,7539,0.0079,1561167066,1561216355,clear sky,Clear,01n
1561150582,6/22/2019,BCCDM-Mafraqsite05,Dubayy,55,25,292224,800,33,1000,66,32,35,2.1,10,0,7539,0.0055,1561167066,1561216355,clear sky,Clear,01n
1561197660,6/22/2019,BCCDM-PortSaeedSite01,A? ?uw?r,55,25,412578,800,42.67,1000,19,42,43,2.1,NULL,0,7537,0.0074,1561166950,1561216308,clear sky,Clear,01d
1561194055,6/22/2019,BCCDM-PortSaeedSite01,A? ?uw?r,55,25,412578,800,41.36,1001,24,41,42,2.6,130,0,7537,0.0101,1561166950,1561216308,clear sky,Clear,01d
1561190453,6/22/2019,BCCDM-PortSaeedSite01,A? ?uw?r,55,25,412578,800,39.67,1001,31,39,40,4.6,160,0,7537,0.0074,1561166950,1561216308,clear sky,Clear,01d
1561222856,6/22/2019,BCCDM-PortSaeedSite01,A? ?uw?r,55,25,412578,800,37.72,1000,33,36,40,2.1,NULL,0,7526,0.0072,1561166950,1561216308,clear sky,Clear,01n
1561219253,6/22/2019,BCCDM-PortSaeedSite01,A? ?uw?r,55,25,412578,800,38.24,1000,35,37,40,3.1,50,0,7526,0.0082,1561166950,1561216308,clear sky,Clear,01n
1561204852,6/22/2019,BCCDM-PortSaeedSite01,A? ?uw?r,55,25,412578,761,40.67,999,36,40,41,7.7,330,0,7537,0.0075,1561166950,1561216308,dust,Dust,50d
1561201253,6/22/2019,BCCDM-PortSaeedSite01,A? ?uw?r,55,25,412578,800,42.36,999,36,42,43,6.2,330,0,7537,0.007,1561166950,1561216308,clear sky,Clear,01d
1561226456,6/22/2019,BCCDM-PortSaeedSite01,A? ?uw?r,55,25,412578,800,36.74,1000,44,36,39,2.6,40,0,7526,0.0078,1561166950,1561216308,clear sky,Clear,01n
1561150852,6/22/2019,BCCDM-PortSaeedSite01,A? ?uw?r,55,25,412578,800,33,1000,66,32,35,1,70,0,7526,0.0061,1561166950,1561216308,clear sky,Clear,01n
1561147255,6/22/2019,BCCDM-PortSaeedSite01,A? ?uw?r,55,25,412578,800,33.25,1000,66,32,36,1,50,0,7526,0.0131,1561166950,1561216308,clear sky,Clear,01n
1561154453,6/22/2019,BCCDM-PortSaeedSite01,A? ?uw?r,55,25,412578,800,32.52,999,70,31,34,0.5,80,0,7526,0.0063,1561166950,1561216308,clear sky,Clear,01n
1561279961,6/23/2019,BCCDM-Mafraqsite05,Dubayy,55,25,292224,800,41.94,1001,19,41,43,5.7,320,0,7539,0.007,1561253479,1561302767,clear sky,Clear,01d
1561283785,6/23/2019,BCCDM-Mafraqsite05,Dubayy,55,25,292224,800,42.49,1001,19,42,43,6.7,300,0,7539,0.0068,1561253479,1561302767,clear sky,Clear,01d
1561276585,6/23/2019,BCCDM-Mafraqsite05,Dubayy,55,25,292224,800,41.25,1002,24,41,42,2.6,240,0,7539,0.0067,1561253479,1561302767,clear sky,Clear,01d
1561287385,6/23/2019,BCCDM-Mafraqsite05,Dubayy,55,25,292224,800,42,1001,25,41,43,6.2,320,0,7539,0.0074,1561253479,1561302767,clear sky,Clear,01d
1561290985,6/23/2019,BCCDM-Mafraqsite05,Dubayy,55,25,292224,800,41.99,1001,26,41,43,6.2,320,0,7539,0.0063,1561253479,1561302767,clear sky,Clear,01d
1561272984,6/23/2019,BCCDM-Mafraqsite05,Dubayy,55,25,292224,800,39.51,1003,27,39,40,3.1,160,0,7539,0.0071,1561253479,1561302767,clear sky,Clear,01d
1561308985,6/23/2019,BCCDM-Mafraqsite05,Dubayy,55,25,292224,800,38.28,1001,37,37,40,4.6,300,0,7539,0.0061,1561253479,1561302767,clear sky,Clear,01n
1561244184,6/23/2019,BCCDM-Mafraqsite05,Dubayy,55,25,292224,800,34.99,1000,41,34,36,1,360,0,7539,0.0067,1561253479,1561302767,clear sky,Clear,01n
1561240586,6/23/2019,BCCDM-Mafraqsite05,Dubayy,55,25,292224,800,35.24,1000,41,34,37,2.1,360,0,7539,0.0069,1561253479,1561302767,clear sky,Clear,01n
1561236984,6/23/2019,BCCDM-Mafraqsite05,Dubayy,55,25,292224,800,36.01,1001,44,35,39,0.5,NULL,0,7539,0.0074,1561253479,1561302767,clear sky,Clear,01n
1561316185,6/23/2019,BCCDM-Mafraqsite05,Dubayy,55,25,292224,800,36.53,1001,44,35,38,3.1,270,0,7539,0.0088,1561253479,1561302767,clear sky,Clear,01n
1561312585,6/23/2019,BCCDM-Mafraqsite05,Dubayy,55,25,292224,800,37.28,1001,44,36,39,3.1,290,0,7539,0.0071,1561253479,1561302767,clear sky,Clear,01n
1561265784,6/23/2019,BCCDM-Mafraqsite05,Dubayy,55,25,292224,800,34.99,1002,44,34,36,2.1,110,0,7539,0.0054,1561253479,1561302767,clear sky,Clear,01d
1561269385,6/23/2019,BCCDM-Mafraqsite05,Dubayy,55,25,292224,800,37.02,1003,44,36,38,1,NULL,0,7539,0.0089,1561253479,1561302767,clear sky,Clear,01d
1561262184,6/23/2019,BCCDM-Mafraqsite05,Dubayy,55,25,292224,800,33.24,1002,49,32,35,2.6,100,0,7539,0.0057,1561253479,1561302767,clear sky,Clear,01d
1561319785,6/23/2019,BCCDM-Mafraqsite05,Dubayy,55,25,292224,800,35.25,1001,50,34,38,2.6,250,0,7539,0.0082,1561253479,1561302767,clear sky,Clear,01n
1561251385,6/23/2019,BCCDM-Mafraqsite05,Dubayy,55,25,292224,800,34,1000,56,33,36,3.1,360,0,7539,0.0077,1561253479,1561302767,clear sky,Clear,01n
1561247784,6/23/2019,BCCDM-Mafraqsite05,Dubayy,55,25,292224,800,34.5,1000,56,33,37,1.5,360,0,7539,0.0064,1561253479,1561302767,clear sky,Clear,01n
1561254984,6/23/2019,BCCDM-Mafraqsite05,Dubayy,55,25,292224,800,33,1000,59,32,35,1.5,10,0,7539,0.0076,1561253479,1561302767,clear sky,Clear,01d
1561258584,6/23/2019,BCCDM-Mafraqsite05,Dubayy,55,25,292224,800,32.5,1001,59,31,35,1.5,110,0,7539,0.009,1561253479,1561302767,clear sky,Clear,01d
1561280467,6/23/2019,BCCDM-PortSaeedSite01,A? ?uw?r,55,25,412578,800,42.21,1001,19,41,44,5.7,320,0,7539,0.0079,1561253363,1561302719,clear sky,Clear,01d
1561273254,6/23/2019,BCCDM-PortSaeedSite01,A? ?uw?r,55,25,412578,800,39.5,1001,42,39,40,1.5,NULL,0,7537,0.0071,1561253363,1561302719,clear sky,Clear,01d
1561269658,6/23/2019,BCCDM-PortSaeedSite01,A? ?uw?r,55,25,412578,800,36.98,1001,45,36,38,2.1,NULL,0,7537,0.0073,1561253363,1561302719,clear sky,Clear,01d
1561255205,6/23/2019,BCCDM-PortSaeedSite01,A? ?uw?r,55,25,412578,800,33,1000,55,32,35,1,70,0,7526,0.0087,1561253363,1561302719,clear sky,Clear,01d
1561266053,6/23/2019,BCCDM-PortSaeedSite01,A? ?uw?r,55,25,412578,800,34.99,1001,56,34,36,2.1,80,0,7537,0.0073,1561253363,1561302719,clear sky,Clear,01d
1561258856,6/23/2019,BCCDM-PortSaeedSite01,A? ?uw?r,55,25,412578,800,32.48,1001,59,31,35,1.5,80,0,7526,0.0067,1561253363,1561302719,clear sky,Clear,01d
1561262300,6/23/2019,BCCDM-PortSaeedSite01,A? ?uw?r,55,25,412578,800,33.23,1001,63,32,35,2.1,80,0,7537,0.0081,1561253363,1561302719,clear sky,Clear,01d
1561359387,6/24/2019,BCCDM-Mafraqsite05,Dubayy,55,25,292224,800,40,1002,29,40,40,1.5,300,0,7539,0.0059,1561339893,1561389177,clear sky,Clear,01d
1561355786,6/24/2019,BCCDM-Mafraqsite05,Dubayy,55,25,292224,800,37.5,1003,39,37,38,1,NULL,0,7539,0.0077,1561339893,1561389177,clear sky,Clear,01d
1561323386,6/24/2019,BCCDM-Mafraqsite05,Dubayy,55,25,292224,800,34.26,1001,56,32,37,1,290,0,7539,0.0072,1561339893,1561389177,clear sky,Clear,01n
1561341386,6/24/2019,BCCDM-Mafraqsite05,Dubayy,55,25,292224,800,32.77,1001,59,31,35,1.5,200,0,7539,0.006,1561339893,1561389177,clear sky,Clear,01d
1561337786,6/24/2019,BCCDM-Mafraqsite05,Dubayy,55,25,292224,800,32.77,1001,59,31,35,1,180,0,7539,0.0061,1561339893,1561389177,clear sky,Clear,01n
1561330586,6/24/2019,BCCDM-Mafraqsite05,Dubayy,55,25,292224,800,33.51,1001,59,32,36,3.14,317.972,0,7539,0.0069,1561339893,1561389177,clear sky,Clear,01n
1561326987,6/24/2019,BCCDM-Mafraqsite05,Dubayy,55,25,292224,800,33.76,1001,59,32,37,1,NULL,0,7539,0.0083,1561339893,1561389177,clear sky,Clear,01n
1561334186,6/24/2019,BCCDM-Mafraqsite05,Dubayy,55,25,292224,800,33.29,1001,62,31,36,2.1,140,0,7539,0.0066,1561339893,1561389177,clear sky,Clear,01n
1561323655,6/24/2019,BCCDM-PortSaeedSite01,A? ?uw?r,55,25,412578,800,34.27,1001,40,32,37,1.5,70,0,7526,0.0059,1561339777,1561389130,clear sky,Clear,01n
1561320055,6/24/2019,BCCDM-PortSaeedSite01,A? ?uw?r,55,25,412578,800,35.25,1001,41,34,38,1.5,230,0,7526,0.0084,1561339777,1561389130,clear sky,Clear,01n
1561327222,6/24/2019,BCCDM-PortSaeedSite01,A? ?uw?r,55,25,412578,800,33.75,1000,43,32,37,0.5,160,0,7526,0.0055,1561339777,1561389130,clear sky,Clear,01n
1561330855,6/24/2019,BCCDM-PortSaeedSite01,A? ?uw?r,55,25,412578,800,33.27,1000,45,31,36,0.5,170,0,7526,0.0067,1561339777,1561389130,clear sky,Clear,01n
1560967248,6/19/2019,BCCDM-PortSaeedSite01,A? ?uw?r,55,25,412578,800,32.99,997,70,32,34,3.1,240,1,7526,0.0082,1560907717,1560957068,clear sky,Clear,01n
1560963648,6/19/2019,BCCDM-PortSaeedSite01,A? ?uw?r,55,25,412578,800,33.23,997,70,32,34,2.6,270,1,7526,0.009,1560907717,1560957068,clear sky,Clear,01n
1560970850,6/19/2019,BCCDM-PortSaeedSite01,A? ?uw?r,55,25,412578,800,32.75,997,75,32,34,3.6,230,1,7526,0.0068,1560907717,1560957068,clear sky,Clear,01n
1561168583,6/22/2019,BCCDM-Mafraqsite05,Dubayy,55,25,292224,800,31.51,1000,70,30,34,0.5,100,1,7539,0.0054,1561167066,1561216355,clear sky,Clear,01d
1561175783,6/22/2019,BCCDM-Mafraqsite05,Dubayy,55,25,292224,721,31.45,1002,70,30,33,2.6,120,1,7539,0.0065,1561167066,1561216355,haze,Haze,50d
1561172183,6/22/2019,BCCDM-Mafraqsite05,Dubayy,55,25,292224,721,30.76,1001,79,30,33,1.5,110,1,7539,0.0076,1561167066,1561216355,haze,Haze,50d
1561230053,6/22/2019,BCCDM-PortSaeedSite01,A? ?uw?r,55,25,412578,800,36.24,1001,44,35,39,1.5,80,1,7526,0.0063,1561166950,1561216308,clear sky,Clear,01n
1561309262,6/23/2019,BCCDM-PortSaeedSite01,A? ?uw?r,55,25,412578,800,38.25,1001,32,37,40,1.5,300,1,7526,0.0066,1561253363,1561302719,clear sky,Clear,01n
1561316454,6/23/2019,BCCDM-PortSaeedSite01,A? ?uw?r,55,25,412578,800,36.52,1001,36,35,38,1,220,1,7526,0.007,1561253363,1561302719,clear sky,Clear,01n
1561312854,6/23/2019,BCCDM-PortSaeedSite01,A? ?uw?r,55,25,412578,800,37.25,1001,37,36,39,1,230,1,7526,0.0064,1561253363,1561302719,clear sky,Clear,01n
1561298461,6/23/2019,BCCDM-PortSaeedSite01,A? ?uw?r,55,25,412578,800,42,1000,18,42,42,5.1,310,2,7526,0.007,1561253363,1561302719,clear sky,Clear,01d
1561302058,6/23/2019,BCCDM-PortSaeedSite01,A? ?uw?r,55,25,412578,800,40.51,1000,20,40,41,4.6,310,2,7526,0.0089,1561253363,1561302719,clear sky,Clear,01d
1561305662,6/23/2019,BCCDM-PortSaeedSite01,A? ?uw?r,55,25,412578,800,39.01,1000,27,38,40,3.1,320,2,7526,0.0067,1561253363,1561302719,clear sky,Clear,01n
1561136456,6/21/2019,BCCDM-PortSaeedSite01,A? ?uw?r,55,25,412578,800,34.27,999,59,33,36,1.5,50,3,7526,0.007,1561080538,1561129896,clear sky,Clear,01n
1561140053,6/21/2019,BCCDM-PortSaeedSite01,A? ?uw?r,55,25,412578,800,34,1000,59,33,36,1.5,50,3,7526,0.007,1561080538,1561129896,clear sky,Clear,01n
1561143654,6/21/2019,BCCDM-PortSaeedSite01,A? ?uw?r,55,25,412578,800,33.75,1000,63,32,36,1,NULL,3,7526,0.0069,1561080538,1561129896,clear sky,Clear,01n
1561186856,6/22/2019,BCCDM-PortSaeedSite01,A? ?uw?r,55,25,412578,800,37.36,1001,47,37,38,3.6,150,3,7537,0.0062,1561166950,1561216308,clear sky,Clear,01d
1561183252,6/22/2019,BCCDM-PortSaeedSite01,A? ?uw?r,55,25,412578,800,34.98,1001,56,34,36,3.1,90,3,7537,0.0697,1561166950,1561216308,clear sky,Clear,01d
1561179652,6/22/2019,BCCDM-PortSaeedSite01,A? ?uw?r,55,25,412578,800,33.31,1001,67,33,34,3.1,90,3,7537,0.0068,1561166950,1561216308,clear sky,Clear,01d
1560801166,6/17/2019,BCCDM-Mafraqsite05,Dubayy,55,25,292224,701,32.27,999,89,31,33,2.1,280,4,7539,0.0059,1560735015,1560784284,mist,Mist,50n
1560804986,6/18/2019,BCCDM-Mafraqsite05,Dubayy,55,25,292224,701,31.51,999,89,30,34,1.5,290,4,7539,0.0057,1560821423,1560870700,mist,Mist,50n
1560870047,6/18/2019,BCCDM-PortSaeedSite01,A? ?uw?r,55,25,412578,800,37.48,997,25,37,38,5.1,290,4,7526,0.007,1560821308,1560870653,clear sky,Clear,01d
1560866446,6/18/2019,BCCDM-PortSaeedSite01,A? ?uw?r,55,25,412578,800,38.73,996,40,38,39,5.7,300,4,7526,0.0087,1560821308,1560870653,clear sky,Clear,01d
1560873648,6/18/2019,BCCDM-PortSaeedSite01,A? ?uw?r,55,25,412578,800,36.75,997,41,36,38,3.6,300,4,7526,0.0076,1560821308,1560870653,clear sky,Clear,01n
1560992453,6/20/2019,BCCDM-PortSaeedSite01,A? ?uw?r,55,25,412578,800,30.25,996,70,29,32,4.1,150,4,7526,0.0072,1560994127,1561043482,clear sky,Clear,01n
1560988855,6/20/2019,BCCDM-PortSaeedSite01,A? ?uw?r,55,25,412578,800,30.77,996,74,29,32,3.6,170,4,7526,0.0071,1560994127,1561043482,clear sky,Clear,01n
1561334458,6/24/2019,BCCDM-PortSaeedSite01,A? ?uw?r,55,25,412578,800,33.23,1000,43,31,36,1.5,200,4,7526,0.0071,1561339777,1561389130,clear sky,Clear,01n
1561338055,6/24/2019,BCCDM-PortSaeedSite01,A? ?uw?r,55,25,412578,800,32.76,1000,45,31,35,1,NULL,4,7526,0.0071,1561339777,1561389130,clear sky,Clear,01n
1560409249,6/13/2019,BCCDM-PortSaeedSite01,A? ?uw?r,55,25,412578,800,41.49,1000,15,40,43,5.1,180,5,7526,0.0072,1560389277,1560438564,clear sky,Clear,01d
1560394855,6/13/2019,BCCDM-PortSaeedSite01,A? ?uw?r,55,25,412578,800,30.45,999,17,28,35,1,110,5,7526,0.0055,1560389277,1560438564,clear sky,Clear,01d
1560405649,6/13/2019,BCCDM-PortSaeedSite01,A? ?uw?r,55,25,412578,800,40.23,1000,20,40,41,6.7,190,5,7526,0.0063,1560389277,1560438564,clear sky,Clear,01d
1560430852,6/13/2019,BCCDM-PortSaeedSite01,A? ?uw?r,55,25,412578,800,40.5,997,21,40,41,6.7,300,5,7526,0.0054,1560389277,1560438564,clear sky,Clear,01d
1560391249,6/13/2019,BCCDM-PortSaeedSite01,A? ?uw?r,55,25,412578,800,30.21,998,21,28,35,2.1,110,5,7526,0.0053,1560389277,1560438564,clear sky,Clear,01d
1560387649,6/13/2019,BCCDM-PortSaeedSite01,A? ?uw?r,55,25,412578,800,30.71,998,32,28,36,1,100,5,7526,0.0056,1560389277,1560438564,clear sky,Clear,01n
1560484851,6/14/2019,BCCDM-PortSaeedSite01,A? ?uw?r,55,25,412578,800,32.94,999,21,31,35,3.1,220,5,7526,0.0051,1560475681,1560524983,clear sky,Clear,01d
1560517252,6/14/2019,BCCDM-PortSaeedSite01,A? ?uw?r,55,25,412578,800,39.25,997,29,38,40,5.1,300,5,7526,0.0057,1560475681,1560524983,clear sky,Clear,01d
1560506453,6/14/2019,BCCDM-PortSaeedSite01,A? ?uw?r,55,25,412578,800,41.25,998,36,39,43,5.7,280,5,7526,0.0076,1560475681,1560524983,clear sky,Clear,01d
1560513653,6/14/2019,BCCDM-PortSaeedSite01,A? ?uw?r,55,25,412578,800,38.75,997,40,37,40,6.2,290,5,7526,0.0061,1560475681,1560524983,clear sky,Clear,01d
1560481253,6/14/2019,BCCDM-PortSaeedSite01,A? ?uw?r,55,25,412578,800,31.73,999,43,30,33,2.6,160,5,7526,0.0061,1560475681,1560524983,clear sky,Clear,01d
1560510054,6/14/2019,BCCDM-PortSaeedSite01,A? ?uw?r,55,25,412578,800,38.49,997,45,37,40,6.2,290,5,7526,0.0056,1560475681,1560524983,clear sky,Clear,01d
1560578464,6/15/2019,BCCDM-PortSaeedSite01,A? ?uw?r,55,25,412578,800,33.45,1000,50,31,35,3.1,240,5,7526,0.0061,1560562086,1560611402,clear sky,Clear,01d
1560574853,6/15/2019,BCCDM-PortSaeedSite01,A? ?uw?r,55,25,412578,800,31.47,1000,75,28,33,2.6,180,5,7526,0.0069,1560562086,1560611402,clear sky,Clear,01d
1560567660,6/15/2019,BCCDM-PortSaeedSite01,A? ?uw?r,55,25,412578,741,28.98,999,100,27,33,2.6,170,5,7526,0.0049,1560562086,1560611402,fog,Fog,50d
1560654059,6/16/2019,BCCDM-PortSaeedSite01,A? ?uw?r,55,25,412578,800,29.94,999,42,27,33,1.5,130,5,7526,0.0062,1560648492,1560697820,clear sky,Clear,01d
1560736854,6/17/2019,BCCDM-PortSaeedSite01,A? ?uw?r,55,25,412578,800,29.76,999,37,28,32,1.5,150,5,7526,0.0052,1560734899,1560784237,clear sky,Clear,01d
1560733255,6/17/2019,BCCDM-PortSaeedSite01,A? ?uw?r,55,25,412578,800,30.03,999,47,27,33,1,200,5,7526,0.0064,1560734899,1560784237,clear sky,Clear,01n
1560852046,6/18/2019,BCCDM-PortSaeedSite01,A? ?uw?r,55,25,412578,761,39.47,997,26,38,42,1.5,NULL,5,7526,0.008,1560821308,1560870653,dust,Dust,50d
1560855648,6/18/2019,BCCDM-PortSaeedSite01,A? ?uw?r,55,25,412578,761,40.44,997,27,39,44,4.1,300,5,7526,0.0056,1560821308,1560870653,dust,Dust,50d
1560859247,6/18/2019,BCCDM-PortSaeedSite01,A? ?uw?r,55,25,412578,800,39.97,996,32,39,42,5.7,300,5,7526,0.0058,1560821308,1560870653,clear sky,Clear,01d
1560848448,6/18/2019,BCCDM-PortSaeedSite01,A? ?uw?r,55,25,412578,800,39.25,998,32,37,41,2.1,NULL,5,7526,0.0065,1560821308,1560870653,clear sky,Clear,01d
1560916849,6/19/2019,BCCDM-PortSaeedSite01,A? ?uw?r,55,25,412578,800,32.23,996,49,32,33,5.7,200,5,7526,0.0077,1560907717,1560957068,clear sky,Clear,01d
1560913248,6/19/2019,BCCDM-PortSaeedSite01,A? ?uw?r,55,25,412578,800,31.27,996,58,30,32,4.6,190,5,7526,0.0141,1560907717,1560957068,clear sky,Clear,01d
1560909648,6/19/2019,BCCDM-PortSaeedSite01,A? ?uw?r,55,25,412578,800,31.51,996,62,30,33,5.1,180,5,7526,0.0062,1560907717,1560957068,clear sky,Clear,01d
1561096862,6/21/2019,BCCDM-PortSaeedSite01,A? ?uw?r,55,25,412578,800,36.48,1000,47,36,37,3.6,100,5,7526,0.0067,1561080538,1561129896,clear sky,Clear,01d
1561125661,6/21/2019,BCCDM-PortSaeedSite01,A? ?uw?r,55,25,412578,761,35,998,49,34,37,1,NULL,5,7526,0.0066,1561080538,1561129896,dust,Dust,50d
1561129251,6/21/2019,BCCDM-PortSaeedSite01,A? ?uw?r,55,25,412578,800,35.74,998,53,35,38,3.1,310,5,7526,0.0065,1561080538,1561129896,clear sky,Clear,01d
1561132851,6/21/2019,BCCDM-PortSaeedSite01,A? ?uw?r,55,25,412578,800,34.52,999,63,33,36,2.1,50,5,7526,0.0074,1561080538,1561129896,clear sky,Clear,01n
1561161383,6/22/2019,BCCDM-Mafraqsite05,Dubayy,55,25,292224,800,32.01,999,70,30,34,1.5,330,5,7539,0.0067,1561167066,1561216355,clear sky,Clear,01n
1561164983,6/22/2019,BCCDM-Mafraqsite05,Dubayy,55,25,292224,800,31.75,1000,70,30,34,0.5,20,5,7539,0.0062,1561167066,1561216355,clear sky,Clear,01n
1561208454,6/22/2019,BCCDM-PortSaeedSite01,A? ?uw?r,55,25,412578,761,42,999,25,42,42,6.7,320,5,7526,0.0077,1561166950,1561216308,dust,Dust,50d
1561215655,6/22/2019,BCCDM-PortSaeedSite01,A? ?uw?r,55,25,412578,761,39.73,1000,28,39,41,3.1,340,5,7526,0.0065,1561166950,1561216308,dust,Dust,50d
1561212053,6/22/2019,BCCDM-PortSaeedSite01,A? ?uw?r,55,25,412578,761,40.48,999,30,40,41,4.6,NULL,5,7526,0.0078,1561166950,1561216308,dust,Dust,50d
1561172452,6/22/2019,BCCDM-PortSaeedSite01,A? ?uw?r,55,25,412578,721,30.74,1001,84,30,33,2.1,120,5,7526,0.0075,1561166950,1561216308,haze,Haze,50d
1561298185,6/23/2019,BCCDM-Mafraqsite05,Dubayy,55,25,292224,800,42,1000,18,42,42,5.7,310,5,7526,0.0056,1561253479,1561302767,clear sky,Clear,01d
1561276860,6/23/2019,BCCDM-PortSaeedSite01,A? ?uw?r,55,25,412578,800,41.47,1002,18,41,43,3.6,230,5,7526,0.0065,1561253363,1561302719,clear sky,Clear,01d
1561294805,6/23/2019,BCCDM-PortSaeedSite01,A? ?uw?r,55,25,412578,800,41.75,1000,19,41,42,6.7,300,5,7526,0.0074,1561253363,1561302719,clear sky,Clear,01d
1561291253,6/23/2019,BCCDM-PortSaeedSite01,A? ?uw?r,55,25,412578,800,41.98,1000,19,41,43,6.2,310,5,7526,0.0056,1561253363,1561302719,clear sky,Clear,01d
1561287657,6/23/2019,BCCDM-PortSaeedSite01,A? ?uw?r,55,25,412578,800,41.99,1000,22,41,43,6.2,300,5,7526,0.0069,1561253363,1561302719,clear sky,Clear,01d
1561284035,6/23/2019,BCCDM-PortSaeedSite01,A? ?uw?r,55,25,412578,800,42.5,1001,27,42,43,5.7,280,5,7526,0.0065,1561253363,1561302719,clear sky,Clear,01d
1561359679,6/24/2019,BCCDM-PortSaeedSite01,A? ?uw?r,55,25,412578,800,40.23,1002,21,40,41,3.1,NULL,5,7526,0.0063,1561339777,1561389130,clear sky,Clear,01d
1561356055,6/24/2019,BCCDM-PortSaeedSite01,A? ?uw?r,55,25,412578,800,37.72,1002,29,37,39,1.5,240,5,7526,0.0071,1561339777,1561389130,clear sky,Clear,01d
1561352454,6/24/2019,BCCDM-PortSaeedSite01,A? ?uw?r,55,25,412578,800,35.47,1002,37,34,36,1.5,150,5,7526,0.007,1561339777,1561389130,clear sky,Clear,01d
1561348856,6/24/2019,BCCDM-PortSaeedSite01,A? ?uw?r,55,25,412578,800,33.23,1002,43,32,35,1.5,140,5,7526,0.0086,1561339777,1561389130,clear sky,Clear,01d
1561345254,6/24/2019,BCCDM-PortSaeedSite01,A? ?uw?r,55,25,412578,800,32.25,1001,45,31,34,1,NULL,5,7526,0.0064,1561339777,1561389130,clear sky,Clear,01d
1560553253,6/15/2019,BCCDM-PortSaeedSite01,A? ?uw?r,55,25,412578,800,31.24,997,70,30,34,1.5,210,7,7526,0.0051,1560562086,1560611402,clear sky,Clear,01n
1560877248,6/18/2019,BCCDM-PortSaeedSite01,A? ?uw?r,55,25,412578,800,35.5,997,52,34,37,1,240,7,7526,0.0061,1560821308,1560870653,clear sky,Clear,01n
1560880847,6/18/2019,BCCDM-PortSaeedSite01,A? ?uw?r,55,25,412578,800,34.73,998,59,33,36,3.1,210,7,7526,0.0082,1560821308,1560870653,clear sky,Clear,01n
1561110982,6/21/2019,BCCDM-Mafraqsite05,Dubayy,55,25,292224,800,41.24,999,36,40,43,5.1,320,7,7539,0.0058,1561080654,1561129943,clear sky,Clear,01d
1561176052,6/22/2019,BCCDM-PortSaeedSite01,A? ?uw?r,55,25,412578,721,31.45,1000,79,30,33,2.6,90,7,7537,0.0113,1561166950,1561216308,haze,Haze,50d
1561168852,6/22/2019,BCCDM-PortSaeedSite01,A? ?uw?r,55,25,412578,800,31.5,1000,79,30,34,1.5,100,7,7526,0.0062,1561166950,1561216308,clear sky,Clear,01d
1560376849,6/13/2019,BCCDM-PortSaeedSite01,A? ?uw?r,55,25,412578,800,32.23,998,58,31,36,1.5,60,8,7526,0.0056,1560389277,1560438564,clear sky,Clear,01n
1560373249,6/13/2019,BCCDM-PortSaeedSite01,A? ?uw?r,55,25,412578,800,32.98,999,62,32,36,1.5,NULL,8,7526,0.0048,1560389277,1560438564,clear sky,Clear,01n
1560369650,6/13/2019,BCCDM-PortSaeedSite01,A? ?uw?r,55,25,412578,800,33.76,999,62,32,36,2.1,330,8,7526,0.0064,1560389277,1560438564,clear sky,Clear,01n
1560445252,6/13/2019,BCCDM-PortSaeedSite01,A? ?uw?r,55,25,412578,800,37.25,998,26,36,39,1,320,9,7526,0.0051,1560389277,1560438564,clear sky,Clear,01n
1560452450,6/13/2019,BCCDM-PortSaeedSite01,A? ?uw?r,55,25,412578,800,36.24,999,28,35,39,1,240,9,7526,0.0051,1560389277,1560438564,clear sky,Clear,01n
1560448850,6/13/2019,BCCDM-PortSaeedSite01,A? ?uw?r,55,25,412578,800,36.74,999,28,35,40,0.5,330,9,7526,0.0054,1560389277,1560438564,clear sky,Clear,01n
1560384049,6/13/2019,BCCDM-PortSaeedSite01,A? ?uw?r,55,25,412578,800,30.73,998,42,29,35,0.5,110,9,7526,0.0051,1560389277,1560438564,clear sky,Clear,01n
1560380449,6/13/2019,BCCDM-PortSaeedSite01,A? ?uw?r,55,25,412578,800,31.48,998,51,30,36,2.1,80,9,7526,0.0058,1560389277,1560438564,clear sky,Clear,01n
1560376580,6/13/2019,BCCDM-Mafraqsite05,Dubayy,55,25,292224,801,32.26,999,66,31,36,2.6,10,11,7539,0.0043,1560389392,1560438611,few clouds,Clouds,02n
1560456051,6/14/2019,BCCDM-PortSaeedSite01,A? ?uw?r,55,25,412578,801,35.74,999,28,34,40,1,200,13,7526,0.0071,1560475681,1560524983,few clouds,Clouds,02n
1560463283,6/14/2019,BCCDM-PortSaeedSite01,A? ?uw?r,55,25,412578,801,33.5,998,29,32,37,0.5,210,13,7526,0.0066,1560475681,1560524983,few clouds,Clouds,02n
1560459651,6/14/2019,BCCDM-PortSaeedSite01,A? ?uw?r,55,25,412578,801,34.25,998,29,33,37,1,NULL,13,7526,0.0053,1560475681,1560524983,few clouds,Clouds,02n
1560441652,6/13/2019,BCCDM-PortSaeedSite01,A? ?uw?r,55,25,412578,801,38.73,998,25,37,40,2.1,320,14,7526,0.0062,1560389277,1560438564,few clouds,Clouds,02n
1560438052,6/13/2019,BCCDM-PortSaeedSite01,A? ?uw?r,55,25,412578,801,39.5,997,26,39,40,3.1,10,14,7526,0.0055,1560389277,1560438564,few clouds,Clouds,02d
1560434450,6/13/2019,BCCDM-PortSaeedSite01,A? ?uw?r,55,25,412578,801,39.51,997,28,38,40,3.6,330,14,7526,0.0053,1560389277,1560438564,few clouds,Clouds,02d
1560383779,6/13/2019,BCCDM-Mafraqsite05,Dubayy,55,25,292224,801,31.02,998,74,29,35,2.1,90,15,7539,0.0054,1560389392,1560438611,few clouds,Clouds,02n
1560380179,6/13/2019,BCCDM-Mafraqsite05,Dubayy,55,25,292224,801,32.01,999,74,30,36,1,80,15,7539,0.0044,1560389392,1560438611,few clouds,Clouds,02n
1560387380,6/13/2019,BCCDM-Mafraqsite05,Dubayy,55,25,292224,801,31.04,998,78,28,36,2.1,100,15,7539,0.0058,1560389392,1560438611,few clouds,Clouds,02n
1560884457,6/18/2019,BCCDM-PortSaeedSite01,A? ?uw?r,55,25,412578,801,34.25,998,70,33,36,3.6,210,15,7526,0.0078,1560821308,1560870653,few clouds,Clouds,02n
1560412580,6/13/2019,BCCDM-Mafraqsite05,Dubayy,55,25,292224,801,43.73,1000,14,43,45,4.6,170,16,7539,0.0046,1560389392,1560438611,few clouds,Clouds,02d
1560419522,6/13/2019,BCCDM-Mafraqsite05,Dubayy,55,25,292224,801,43.97,999,22,42,46,3.1,NULL,16,7539,0.0055,1560389392,1560438611,few clouds,Clouds,02d
1560466857,6/14/2019,BCCDM-PortSaeedSite01,A? ?uw?r,55,25,412578,801,32.51,997,31,30,36,1.5,220,16,7526,0.0059,1560475681,1560524983,few clouds,Clouds,02n
1560470453,6/14/2019,BCCDM-PortSaeedSite01,A? ?uw?r,55,25,412578,801,32.48,998,35,31,36,0.5,100,16,7526,0.0058,1560475681,1560524983,few clouds,Clouds,02n
1560898847,6/19/2019,BCCDM-PortSaeedSite01,A? ?uw?r,55,25,412578,801,33.53,996,70,31,35,3.6,210,16,7526,0.0091,1560907717,1560957068,few clouds,Clouds,02n
1561351988,6/24/2019,BCCDM-Mafraqsite05,Dubayy,55,25,292224,801,35.03,1002,46,34,36,2.6,170,16,7539,0.006,1561339893,1561389177,few clouds,Clouds,02d
1560668184,6/16/2019,BCCDM-Mafraqsite05,Dubayy,55,25,292224,801,41.01,1000,19,40,42,1.5,310,17,7539,0.005,1560648608,1560697867,few clouds,Clouds,02d
1560664586,6/16/2019,BCCDM-Mafraqsite05,Dubayy,55,25,292224,801,37.53,1000,30,36,39,2.1,320,17,7539,0.0047,1560648608,1560697867,few clouds,Clouds,02d
1560660985,6/16/2019,BCCDM-Mafraqsite05,Dubayy,55,25,292224,801,34.53,1000,40,32,37,1.5,340,17,7539,0.007,1560648608,1560697867,few clouds,Clouds,02d
1560437780,6/13/2019,BCCDM-Mafraqsite05,Dubayy,55,25,292224,801,39.76,997,29,39,40,6.2,330,19,7539,0.0058,1560389392,1560438611,few clouds,Clouds,02d
1560434180,6/13/2019,BCCDM-Mafraqsite05,Dubayy,55,25,292224,801,39.5,997,31,38,40,6.7,310,19,7539,0.0054,1560389392,1560438611,few clouds,Clouds,02d
1560441381,6/13/2019,BCCDM-Mafraqsite05,Dubayy,55,25,292224,801,39.04,998,35,37,40,4.6,20,19,7539,0.0051,1560389392,1560438611,few clouds,Clouds,02n
1560477661,6/14/2019,BCCDM-PortSaeedSite01,A? ?uw?r,55,25,412578,801,31.73,999,33,30,34,2.6,170,20,7526,0.0052,1560475681,1560524983,few clouds,Clouds,02d
1560833777,6/18/2019,BCCDM-Mafraqsite05,Dubayy,55,25,292224,741,30.72,998,79,27,33,1.5,NULL,20,7537,0.0055,1560821423,1560870700,fog,Fog,50d
1560822977,6/18/2019,BCCDM-Mafraqsite05,Dubayy,55,25,292224,741,28.77,997,89,28,30,3.6,220,20,7537,0.0059,1560821423,1560870700,fog,Fog,50d
1560834046,6/18/2019,BCCDM-PortSaeedSite01,A? ?uw?r,55,25,412578,701,30.76,998,79,27,33,1.5,NULL,20,7537,0.0066,1560821308,1560870653,mist,Mist,50d
1560823246,6/18/2019,BCCDM-PortSaeedSite01,A? ?uw?r,55,25,412578,701,28.75,997,89,28,30,3.6,220,20,7537,0.0094,1560821308,1560870653,mist,Mist,50d
1560956179,6/19/2019,BCCDM-Mafraqsite05,Dubayy,55,25,292224,801,34.76,996,71,34,35,7.7,280,20,7539,0.0104,1560907833,1560957115,few clouds,Clouds,02d
1560970579,6/19/2019,BCCDM-Mafraqsite05,Dubayy,55,25,292224,801,32.78,998,79,32,34,4.6,260,20,7539,0.0091,1560907833,1560957115,few clouds,Clouds,02n
1561032049,6/20/2019,BCCDM-PortSaeedSite01,A? ?uw?r,55,25,412578,761,41.74,995,43,41,43,3.1,50,20,7537,0.007,1560994127,1561043482,dust,Dust,50d
1561114582,6/21/2019,BCCDM-Mafraqsite05,Dubayy,55,25,292224,801,40.22,998,36,39,41,6.2,320,20,7539,0.0065,1561080654,1561129943,few clouds,Clouds,02d
1561118182,6/21/2019,BCCDM-Mafraqsite05,Dubayy,55,25,292224,501,31.66,998,40,22,39,8.2,310,20,7539,0.0068,1561080654,1561129943,moderate rain,Rain,10d
1561121782,6/21/2019,BCCDM-Mafraqsite05,Dubayy,55,25,292224,200,32.16,999,56,29,36,8.7,350,20,7539,0.0061,1561080654,1561129943,thunderstorm with light rain,Thunderstorm,11d
1561122053,6/21/2019,BCCDM-PortSaeedSite01,A? ?uw?r,55,25,412578,761,32.99,998,37,29,36,3.6,320,20,7526,0.0078,1561080538,1561129896,dust,Dust,50d
1561118459,6/21/2019,BCCDM-PortSaeedSite01,A? ?uw?r,55,25,412578,501,32.37,998,46,22,39,5.1,30,20,7526,0.0062,1561080538,1561129896,moderate rain,Rain,10d
1560444980,6/13/2019,BCCDM-Mafraqsite05,Dubayy,55,25,292224,801,37.53,998,41,36,39,2.6,340,21,7539,0.005,1560389392,1560438611,few clouds,Clouds,02n
1560906051,6/19/2019,BCCDM-PortSaeedSite01,A? ?uw?r,55,25,412578,801,31.78,996,66,30,33,4.1,180,21,7526,0.0068,1560907717,1560957068,few clouds,Clouds,02n
1560902449,6/19/2019,BCCDM-PortSaeedSite01,A? ?uw?r,55,25,412578,801,32.5,996,66,31,34,3.6,200,21,7526,0.0066,1560907717,1560957068,few clouds,Clouds,02n
1560348048,6/12/2019,BCCDM-PortSaeedSite01,A? ?uw?r,55,25,412578,801,42.7,996,12,40,44,4.1,NULL,22,7526,0.0068,1560302874,1560352143,few clouds,Clouds,02d
1560351648,6/12/2019,BCCDM-PortSaeedSite01,A? ?uw?r,55,25,412578,801,42.23,997,13,41,43,3.1,NULL,22,7526,0.0054,1560302874,1560352143,few clouds,Clouds,02d
1560355249,6/12/2019,BCCDM-PortSaeedSite01,A? ?uw?r,55,25,412578,801,40.98,997,14,39,43,2.1,330,22,7526,0.0062,1560302874,1560352143,few clouds,Clouds,02n
1560358848,6/12/2019,BCCDM-PortSaeedSite01,A? ?uw?r,55,25,412578,801,39.47,998,17,37,43,2.1,310,23,7526,0.0052,1560302874,1560352143,few clouds,Clouds,02n
1560362448,6/12/2019,BCCDM-PortSaeedSite01,A? ?uw?r,55,25,412578,801,36.24,999,34,35,38,1.5,310,23,7526,0.006,1560302874,1560352143,few clouds,Clouds,02n
1560366048,6/12/2019,BCCDM-PortSaeedSite01,A? ?uw?r,55,25,412578,801,34.27,999,63,33,35,2.6,310,23,7526,0.0062,1560302874,1560352143,few clouds,Clouds,02n
1560329779,6/12/2019,BCCDM-Mafraqsite05,Dubayy,55,25,292224,801,44.7,999,13,42,47,3.6,10,24,7539,0.0065,1560302989,1560352191,few clouds,Clouds,02d
1560333380,6/12/2019,BCCDM-Mafraqsite05,Dubayy,55,25,292224,801,44.74,998,21,44,47,7.2,320,24,7539,0.0053,1560302989,1560352191,few clouds,Clouds,02d
1560491781,6/14/2019,BCCDM-Mafraqsite05,Dubayy,55,25,292224,802,38.04,1000,28,36,40,6.7,190,25,7539,0.0059,1560475796,1560525031,scattered clouds,Clouds,03d
1560488181,6/14/2019,BCCDM-Mafraqsite05,Dubayy,55,25,292224,802,35.77,1000,38,34,37,4.1,210,25,7539,0.0046,1560475796,1560525031,scattered clouds,Clouds,03d
1560336979,6/12/2019,BCCDM-Mafraqsite05,Dubayy,55,25,292224,802,44.02,997,36,42,46,8.2,320,26,7539,0.005,1560302989,1560352191,scattered clouds,Clouds,03d
1560430580,6/13/2019,BCCDM-Mafraqsite05,Dubayy,55,25,292224,802,40.73,997,21,40,42,7.7,320,26,7539,0.0047,1560389392,1560438611,scattered clouds,Clouds,03d
1560423381,6/13/2019,BCCDM-Mafraqsite05,Dubayy,55,25,292224,802,42.5,998,23,42,44,8.2,310,26,7539,0.0053,1560389392,1560438611,scattered clouds,Clouds,03d
1560455780,6/13/2019,BCCDM-Mafraqsite05,Dubayy,55,25,292224,802,35.75,999,24,34,40,0.5,310,26,7539,0.0052,1560389392,1560438611,scattered clouds,Clouds,03n
1560426980,6/13/2019,BCCDM-Mafraqsite05,Dubayy,55,25,292224,802,41.5,998,28,41,43,7.7,300,26,7539,0.0052,1560389392,1560438611,scattered clouds,Clouds,03d
1560459381,6/14/2019,BCCDM-Mafraqsite05,Dubayy,55,25,292224,802,34.25,999,34,33,37,1.5,240,26,7539,0.005,1560475796,1560525031,scattered clouds,Clouds,03n
1560463012,6/14/2019,BCCDM-Mafraqsite05,Dubayy,55,25,292224,802,33.75,998,46,32,37,1.5,250,26,7539,0.0077,1560475796,1560525031,scattered clouds,Clouds,03n
1560466583,6/14/2019,BCCDM-Mafraqsite05,Dubayy,55,25,292224,802,32.72,998,49,30,36,2.6,260,27,7539,0.0063,1560475796,1560525031,scattered clouds,Clouds,03n
1560473781,6/14/2019,BCCDM-Mafraqsite05,Dubayy,55,25,292224,802,32.01,998,70,30,36,1.5,260,27,7539,0.0061,1560475796,1560525031,scattered clouds,Clouds,03n
1560895250,6/19/2019,BCCDM-PortSaeedSite01,A? ?uw?r,55,25,412578,802,32.75,997,66,32,34,4.6,220,27,7526,0.0068,1560907717,1560957068,scattered clouds,Clouds,03n
1560891649,6/19/2019,BCCDM-PortSaeedSite01,A? ?uw?r,55,25,412578,802,33.28,997,74,31,35,4.1,210,27,7526,0.0092,1560907717,1560957068,scattered clouds,Clouds,03n
1560888049,6/19/2019,BCCDM-PortSaeedSite01,A? ?uw?r,55,25,412578,802,33.77,997,79,32,35,3.6,210,27,7526,0.0071,1560907717,1560957068,scattered clouds,Clouds,03n
1560347500,6/12/2019,BCCDM-Mafraqsite05,Dubayy,55,25,292224,802,42.8,997,31,40,44,7.2,330,30,7539,0.0064,1560302989,1560352191,scattered clouds,Clouds,03d
1560618052,6/15/2019,BCCDM-PortSaeedSite01,A? ?uw?r,55,25,412578,802,37.25,999,23,37,38,1,NULL,30,7526,0.005,1560562086,1560611402,scattered clouds,Clouds,03n
1560625252,6/15/2019,BCCDM-PortSaeedSite01,A? ?uw?r,55,25,412578,802,36,999,28,35,38,1,230,30,7526,0.0057,1560562086,1560611402,scattered clouds,Clouds,03n
1560621659,6/15/2019,BCCDM-PortSaeedSite01,A? ?uw?r,55,25,412578,802,36.24,999,28,35,39,1.5,310,30,7526,0.0049,1560562086,1560611402,scattered clouds,Clouds,03n
1560780062,6/17/2019,BCCDM-PortSaeedSite01,A? ?uw?r,55,25,412578,802,37.72,998,21,36,40,2.6,NULL,30,7526,0.005,1560734899,1560784237,scattered clouds,Clouds,03d
1560783656,6/17/2019,BCCDM-PortSaeedSite01,A? ?uw?r,55,25,412578,802,36.98,998,37,36,38,3.1,300,30,7526,0.0046,1560734899,1560784237,scattered clouds,Clouds,03d
1560484581,6/14/2019,BCCDM-Mafraqsite05,Dubayy,55,25,292224,802,32.52,1000,58,31,33,2.6,210,31,7539,0.0052,1560475796,1560525031,scattered clouds,Clouds,03d
1560480981,6/14/2019,BCCDM-Mafraqsite05,Dubayy,55,25,292224,802,31.79,999,66,30,33,3.6,170,31,7539,0.0068,1560475796,1560525031,scattered clouds,Clouds,03d
1560477383,6/14/2019,BCCDM-Mafraqsite05,Dubayy,55,25,292224,802,31.53,999,70,30,34,3.6,170,31,7539,0.0061,1560475796,1560525031,scattered clouds,Clouds,03d
1561348586,6/24/2019,BCCDM-Mafraqsite05,Dubayy,55,25,292224,802,33.02,1002,52,32,35,3.1,160,31,7539,0.0061,1561339893,1561389177,scattered clouds,Clouds,03d
1561344986,6/24/2019,BCCDM-Mafraqsite05,Dubayy,55,25,292224,802,32.26,1001,62,31,34,2.6,170,31,7539,0.0087,1561339893,1561389177,scattered clouds,Clouds,03d
1560513383,6/14/2019,BCCDM-Mafraqsite05,Dubayy,55,25,292224,802,38.71,998,43,37,40,7.2,290,32,7539,0.0048,1560475796,1560525031,scattered clouds,Clouds,03d
1561157906,6/22/2019,BCCDM-PortSaeedSite01,A? ?uw?r,55,25,412578,802,32.52,999,66,31,34,0.5,80,32,7526,0.0094,1561166950,1561216308,scattered clouds,Clouds,03n
1560509781,6/14/2019,BCCDM-Mafraqsite05,Dubayy,55,25,292224,802,38.73,998,51,37,41,7.2,310,33,7539,0.0047,1560475796,1560525031,scattered clouds,Clouds,03d
1560650454,6/16/2019,BCCDM-PortSaeedSite01,A? ?uw?r,55,25,412578,802,30.26,999,42,28,34,2.6,90,33,7526,0.0055,1560648492,1560697820,scattered clouds,Clouds,03d
1560876978,6/18/2019,BCCDM-Mafraqsite05,Dubayy,55,25,292224,802,35.79,998,67,34,37,3.1,290,35,7539,0.0068,1560821423,1560870700,scattered clouds,Clouds,03n
1560884178,6/18/2019,BCCDM-Mafraqsite05,Dubayy,55,25,292224,802,34.29,998,79,33,36,3.6,210,35,7539,0.0072,1560821423,1560870700,scattered clouds,Clouds,03n
1560880578,6/18/2019,BCCDM-Mafraqsite05,Dubayy,55,25,292224,802,35.04,998,79,33,36,3.1,260,35,7539,0.0064,1560821423,1560870700,scattered clouds,Clouds,03n
1561341654,6/24/2019,BCCDM-PortSaeedSite01,A? ?uw?r,55,25,412578,802,32.76,1001,45,31,35,0.5,180,37,7526,0.0068,1561339777,1561389130,scattered clouds,Clouds,03d
1560563782,6/15/2019,BCCDM-Mafraqsite05,Dubayy,55,25,292224,741,29.32,999,100,27,32,1.5,130,40,7539,0.0059,1560562202,1560611449,fog,Fog,50d
1560959779,6/19/2019,BCCDM-Mafraqsite05,Dubayy,55,25,292224,802,34.02,996,75,33,35,8.7,270,40,7539,0.0057,1560907833,1560957115,scattered clouds,Clouds,03n
1560963379,6/19/2019,BCCDM-Mafraqsite05,Dubayy,55,25,292224,802,33.28,996,79,32,34,7.2,280,40,7539,0.007,1560907833,1560957115,scattered clouds,Clouds,03n
1560966979,6/19/2019,BCCDM-Mafraqsite05,Dubayy,55,25,292224,802,33.02,997,79,32,34,6.2,280,40,7539,0.0065,1560907833,1560957115,scattered clouds,Clouds,03n
1561111252,6/21/2019,BCCDM-PortSaeedSite01,A? ?uw?r,55,25,412578,802,40.75,998,38,40,41,7.2,300,40,7526,0.0075,1561080538,1561129896,scattered clouds,Clouds,03d
1561114855,6/21/2019,BCCDM-PortSaeedSite01,A? ?uw?r,55,25,412578,802,39.78,999,42,39,41,6.2,310,40,7526,0.0058,1561080538,1561129896,scattered clouds,Clouds,03d
1561161655,6/22/2019,BCCDM-PortSaeedSite01,A? ?uw?r,55,25,412578,802,32.26,999,70,31,34,1,80,41,7526,0.0062,1561166950,1561216308,scattered clouds,Clouds,03n
1561165252,6/22/2019,BCCDM-PortSaeedSite01,A? ?uw?r,55,25,412578,802,31.77,1000,74,30,34,1,100,41,7526,0.007,1561166950,1561216308,scattered clouds,Clouds,03n
1560837652,6/18/2019,BCCDM-PortSaeedSite01,A? ?uw?r,55,25,412578,721,33.04,999,74,31,34,2.6,140,43,7526,0.0062,1560821308,1560870653,haze,Haze,50d
1560340579,6/12/2019,BCCDM-Mafraqsite05,Dubayy,55,25,292224,802,43.52,997,22,42,45,7.7,340,46,7539,0.0054,1560302989,1560352191,scattered clouds,Clouds,03d
1560639653,6/16/2019,BCCDM-PortSaeedSite01,A? ?uw?r,55,25,412578,802,31.97,998,35,29,36,1,NULL,48,7526,0.0064,1560648492,1560697820,scattered clouds,Clouds,03n
1560798059,6/17/2019,BCCDM-PortSaeedSite01,A? ?uw?r,55,25,412578,802,33.75,999,66,32,36,2.6,290,48,7526,0.0062,1560734899,1560784237,scattered clouds,Clouds,03n
1560826577,6/18/2019,BCCDM-Mafraqsite05,Dubayy,55,25,292224,721,28.74,998,70,28,29,1,140,48,7545,0.0062,1560821423,1560870700,haze,Haze,50d
1560830177,6/18/2019,BCCDM-Mafraqsite05,Dubayy,55,25,292224,721,28.74,999,89,27,30,2.6,200,48,7539,0.0067,1560821423,1560870700,haze,Haze,50d
1560502387,6/14/2019,BCCDM-PortSaeedSite01,A? ?uw?r,55,25,412578,802,42.28,998,30,40,45,4.1,290,50,7537,0.0063,1560475681,1560524983,scattered clouds,Clouds,03d
1560866178,6/18/2019,BCCDM-Mafraqsite05,Dubayy,55,25,292224,802,39.01,997,47,38,40,7.2,300,50,7539,0.0059,1560821423,1560870700,scattered clouds,Clouds,03d
1560869778,6/18/2019,BCCDM-Mafraqsite05,Dubayy,55,25,292224,802,37.5,997,50,37,38,5.1,320,50,7539,0.0073,1560821423,1560870700,scattered clouds,Clouds,03d
1560873378,6/18/2019,BCCDM-Mafraqsite05,Dubayy,55,25,292224,802,37.01,997,60,36,38,4.6,310,50,7539,0.006,1560821423,1560870700,scattered clouds,Clouds,03n
1560912979,6/19/2019,BCCDM-Mafraqsite05,Dubayy,55,25,292224,803,31.27,997,55,30,32,4.1,190,51,7539,0.0054,1560907833,1560957115,broken clouds,Clouds,04d
1560603383,6/15/2019,BCCDM-Mafraqsite05,Dubayy,55,25,292224,803,40.23,998,28,39,41,7.2,320,52,7539,0.0058,1560562202,1560611449,broken clouds,Clouds,04d
1560599782,6/15/2019,BCCDM-Mafraqsite05,Dubayy,55,25,292224,803,40.48,998,30,39,42,6.7,320,52,7539,0.0052,1560562202,1560611449,broken clouds,Clouds,04d
1560671784,6/16/2019,BCCDM-Mafraqsite05,Dubayy,55,25,292224,803,41.46,1000,11,40,43,1.5,340,52,7539,0.0045,1560648608,1560697867,broken clouds,Clouds,04d
1560848178,6/18/2019,BCCDM-Mafraqsite05,Dubayy,55,25,292224,803,38.95,999,34,37,41,1.5,270,53,7539,0.0059,1560821423,1560870700,broken clouds,Clouds,04d
1560844577,6/18/2019,BCCDM-Mafraqsite05,Dubayy,55,25,292224,761,37.49,999,42,36,39,1.5,NULL,53,7539,0.0068,1560821423,1560870700,dust,Dust,50d
1560851777,6/18/2019,BCCDM-Mafraqsite05,Dubayy,55,25,292224,761,39.47,998,48,38,42,4.6,330,53,7539,0.0064,1560821423,1560870700,dust,Dust,50d
1561244455,6/23/2019,BCCDM-PortSaeedSite01,A? ?uw?r,55,25,412578,803,34.76,1000,44,34,36,1,50,53,7526,0.007,1561253363,1561302719,broken clouds,Clouds,04n
1560837377,6/18/2019,BCCDM-Mafraqsite05,Dubayy,55,25,292224,701,32.46,1000,71,29,34,1,NULL,57,7539,0.0059,1560821423,1560870700,mist,Mist,50d
1560797786,6/17/2019,BCCDM-Mafraqsite05,Dubayy,55,25,292224,803,34.04,999,84,32,36,3.1,260,59,7539,0.0064,1560735015,1560784284,broken clouds,Clouds,04n
1560855378,6/18/2019,BCCDM-Mafraqsite05,Dubayy,55,25,292224,761,40.23,997,48,39,43,5.1,310,59,7539,0.0069,1560821423,1560870700,dust,Dust,50d
1561248055,6/23/2019,BCCDM-PortSaeedSite01,A? ?uw?r,55,25,412578,803,34.25,1000,49,33,37,0.5,20,59,7526,0.0064,1561253363,1561302719,broken clouds,Clouds,04n
1561251658,6/23/2019,BCCDM-PortSaeedSite01,A? ?uw?r,55,25,412578,803,33.77,1000,55,32,36,1,70,59,7526,0.0071,1561253363,1561302719,broken clouds,Clouds,04n
1560826855,6/18/2019,BCCDM-PortSaeedSite01,A? ?uw?r,55,25,412578,701,28.51,998,70,27,29,1,140,61,7545,0.0092,1560821308,1560870653,mist,Mist,50d
1560812455,6/18/2019,BCCDM-PortSaeedSite01,A? ?uw?r,55,25,412578,741,29.98,998,79,29,33,2.6,240,62,7526,0.0068,1560821308,1560870653,fog,Fog,50n
1560841248,6/18/2019,BCCDM-PortSaeedSite01,A? ?uw?r,55,25,412578,721,35.02,998,71,34,36,2.6,200,63,7537,0.0071,1560821308,1560870653,haze,Haze,50d
1560643255,6/16/2019,BCCDM-PortSaeedSite01,A? ?uw?r,55,25,412578,803,31.71,998,37,28,36,1,NULL,64,7526,0.0068,1560648492,1560697820,broken clouds,Clouds,04n
1560646852,6/16/2019,BCCDM-PortSaeedSite01,A? ?uw?r,55,25,412578,803,31,998,42,28,37,1.5,210,64,7526,0.0057,1560648492,1560697820,broken clouds,Clouds,04n
1560506181,6/14/2019,BCCDM-Mafraqsite05,Dubayy,55,25,292224,803,41.69,999,18,39,45,5.7,230,66,7539,0.0052,1560475796,1560525031,broken clouds,Clouds,04d
1560844850,6/18/2019,BCCDM-PortSaeedSite01,A? ?uw?r,55,25,412578,761,37.78,999,47,37,39,1.5,NULL,66,7526,0.0064,1560821308,1560870653,dust,Dust,50d
1560858978,6/18/2019,BCCDM-Mafraqsite05,Dubayy,55,25,292224,803,39.98,997,40,39,42,4.6,300,70,7539,0.0078,1560821423,1560870700,broken clouds,Clouds,04d
1560560182,6/15/2019,BCCDM-Mafraqsite05,Dubayy,55,25,292224,741,30.03,998,100,28,33,3.1,210,75,7539,0.0056,1560562202,1560611449,fog,Fog,50n
1560556582,6/15/2019,BCCDM-Mafraqsite05,Dubayy,55,25,292224,741,30.35,998,100,28,34,2.6,210,75,7539,0.0049,1560562202,1560611449,fog,Fog,50n
1560570982,6/15/2019,BCCDM-Mafraqsite05,Dubayy,55,25,292224,741,29.59,1000,100,27,32,4.6,170,75,7539,0.0056,1560562202,1560611449,fog,Fog,50d
1560556854,6/15/2019,BCCDM-PortSaeedSite01,A? ?uw?r,55,25,412578,741,30.29,998,100,28,34,2.6,210,75,7539,0.0048,1560562086,1560611402,fog,Fog,50n
1560571255,6/15/2019,BCCDM-PortSaeedSite01,A? ?uw?r,55,25,412578,741,29.8,1000,100,28,32,4.6,170,75,7539,0.0058,1560562086,1560611402,fog,Fog,50d
1560628851,6/16/2019,BCCDM-PortSaeedSite01,A? ?uw?r,55,25,412578,803,34.98,999,28,33,37,1.5,210,75,7526,0.0064,1560648492,1560697820,broken clouds,Clouds,04n
1560632453,6/16/2019,BCCDM-PortSaeedSite01,A? ?uw?r,55,25,412578,803,33.26,998,31,32,35,1,100,75,7526,0.0051,1560648492,1560697820,broken clouds,Clouds,04n
1560636058,6/16/2019,BCCDM-PortSaeedSite01,A? ?uw?r,55,25,412578,803,33,998,33,31,37,1.5,80,75,7526,0.0055,1560648492,1560697820,broken clouds,Clouds,04n
1560819387,6/18/2019,BCCDM-Mafraqsite05,Dubayy,55,25,292224,741,29.76,998,94,29,32,1,NULL,75,7539,0.007,1560821423,1560870700,fog,Fog,50n
1560815786,6/18/2019,BCCDM-Mafraqsite05,Dubayy,55,25,292224,721,30.53,998,100,29,33,1.5,220,75,7539,0.0054,1560821423,1560870700,haze,Haze,50n
1561294585,6/23/2019,BCCDM-Mafraqsite05,Dubayy,55,25,292224,803,41.99,1000,23,41,43,7.2,330,75,7539,0.0064,1561253479,1561302767,broken clouds,Clouds,04d
1560682584,6/16/2019,BCCDM-Mafraqsite05,Dubayy,55,25,292224,803,40.46,999,40,38,44,6.2,330,76,7539,0.0048,1560648608,1560697867,broken clouds,Clouds,04d
1560786985,6/17/2019,BCCDM-Mafraqsite05,Dubayy,55,25,292224,803,36.52,998,59,35,37,4.1,340,78,7539,0.0048,1560735015,1560784284,broken clouds,Clouds,04n
1561301785,6/23/2019,BCCDM-Mafraqsite05,Dubayy,55,25,292224,803,40.74,1000,20,40,41,7.7,330,80,7539,0.0068,1561253479,1561302767,broken clouds,Clouds,04d
1561305385,6/23/2019,BCCDM-Mafraqsite05,Dubayy,55,25,292224,803,39.25,1001,24,39,40,5.1,330,80,7539,0.008,1561253479,1561302767,broken clouds,Clouds,04n
1560805255,6/18/2019,BCCDM-PortSaeedSite01,A? ?uw?r,55,25,412578,701,31.74,998,79,31,34,0.5,180,82,7526,0.0082,1560821308,1560870653,mist,Mist,50n
1560801655,6/18/2019,BCCDM-PortSaeedSite01,A? ?uw?r,55,25,412578,701,32,999,79,31,33,1,NULL,82,7526,0.0076,1560821308,1560870653,mist,Mist,50n
1560567382,6/15/2019,BCCDM-Mafraqsite05,Dubayy,55,25,292224,741,29.04,999,100,27,33,2.1,150,90,7539,0.004,1560562202,1560611449,fog,Fog,50d
1560560452,6/15/2019,BCCDM-PortSaeedSite01,A? ?uw?r,55,25,412578,741,29.74,998,88,28,33,1.5,180,90,7526,0.0058,1560562086,1560611402,fog,Fog,50n
1560564058,6/15/2019,BCCDM-PortSaeedSite01,A? ?uw?r,55,25,412578,741,29.01,998,100,27,32,1,NULL,90,7526,0.0052,1560562086,1560611402,fog,Fog,50d
1560812186,6/18/2019,BCCDM-Mafraqsite05,Dubayy,55,25,292224,741,30.01,998,100,29,33,3.1,240,90,7539,0.0063,1560821423,1560870700,fog,Fog,50n
1560808587,6/18/2019,BCCDM-Mafraqsite05,Dubayy,55,25,292224,741,30.57,998,100,29,33,2.6,230,90,7539,0.0056,1560821423,1560870700,fog,Fog,50n
1560816056,6/18/2019,BCCDM-PortSaeedSite01,A? ?uw?r,55,25,412578,701,30.49,998,94,29,33,2.1,210,90,7526,0.0068,1560821308,1560870653,mist,Mist,50n
1560819658,6/18/2019,BCCDM-PortSaeedSite01,A? ?uw?r,55,25,412578,701,29.74,998,100,29,32,2.1,200,90,7526,0.0063,1560821308,1560870653,mist,Mist,50n
1560808856,6/18/2019,BCCDM-PortSaeedSite01,A? ?uw?r,55,25,412578,741,30.52,998,100,29,33,2.6,230,90,7539,0.0069,1560821308,1560870653,fog,Fog,50n
1560830447,6/18/2019,BCCDM-PortSaeedSite01,A? ?uw?r,55,25,412578,701,28.8,999,100,27,30,1,NULL,90,7526,0.0064,1560821308,1560870653,mist,Mist,50d
1560887778,6/18/2019,BCCDM-Mafraqsite05,Dubayy,55,25,292224,804,33.78,998,75,32,35,4.6,210,97,7539,0.0064,1560821423,1560870700,overcast clouds,Clouds,04n
1560894980,6/19/2019,BCCDM-Mafraqsite05,Dubayy,55,25,292224,804,32.78,997,70,32,34,4.1,230,97,7539,0.0064,1560907833,1560957115,overcast clouds,Clouds,04n
1560891378,6/19/2019,BCCDM-Mafraqsite05,Dubayy,55,25,292224,804,33.53,998,75,32,35,5.1,210,97,7539,0.0071,1560907833,1560957115,overcast clouds,Clouds,04n
1560840977,6/18/2019,BCCDM-Mafraqsite05,Dubayy,55,25,292224,721,34.51,999,56,32,36,3.1,190,98,7539,0.0053,1560821423,1560870700,haze,Haze,50d
1561240855,6/23/2019,BCCDM-PortSaeedSite01,A? ?uw?r,55,25,412578,804,35.24,1000,39,34,37,0.5,350,98,7526,0.0069,1561253363,1561302719,overcast clouds,Clouds,04n
1561237253,6/23/2019,BCCDM-PortSaeedSite01,A? ?uw?r,55,25,412578,804,35.98,1000,39,35,39,1,NULL,98,7526,0.0108,1561253363,1561302719,overcast clouds,Clouds,04n
1561233654,6/23/2019,BCCDM-PortSaeedSite01,A? ?uw?r,55,25,412578,804,35.98,1000,41,35,39,1,NULL,98,7526,0.0084,1561253363,1561302719,overcast clouds,Clouds,04n
1560693384,6/16/2019,BCCDM-Mafraqsite05,Dubayy,55,25,292224,761,38.24,998,37,37,40,8.2,330,100,7539,0.0054,1560648608,1560697867,dust,Dust,50d
1560696984,6/16/2019,BCCDM-Mafraqsite05,Dubayy,55,25,292224,761,37,998,39,37,37,8.7,330,100,7539,0.0048,1560648608,1560697867,dust,Dust,50d
1560693656,6/16/2019,BCCDM-PortSaeedSite01,A? ?uw?r,55,25,412578,761,37.99,997,31,37,39,5.1,310,100,7526,0.0069,1560648492,1560697820,dust,Dust,50d
1560700852,6/16/2019,BCCDM-PortSaeedSite01,A? ?uw?r,55,25,412578,804,36,999,41,36,36,1.5,280,100,7526,0.0064,1560648492,1560697820,overcast clouds,Clouds,04n
1560697259,6/16/2019,BCCDM-PortSaeedSite01,A? ?uw?r,55,25,412578,761,37,998,42,37,37,3.6,300,100,7526,0.0058,1560648492,1560697820,dust,Dust,50d
1560704454,6/16/2019,BCCDM-PortSaeedSite01,A? ?uw?r,55,25,412578,804,34.51,999,46,34,35,2.1,300,100,7526,0.0075,1560648492,1560697820,overcast clouds,Clouds,04n
1560708053,6/16/2019,BCCDM-PortSaeedSite01,A? ?uw?r,55,25,412578,804,33.75,999,52,33,35,1.5,310,100,7526,0.0047,1560648492,1560697820,overcast clouds,Clouds,04n
1560711654,6/16/2019,BCCDM-PortSaeedSite01,A? ?uw?r,55,25,412578,804,32.74,1000,55,32,35,0.5,360,100,7526,0.008,1560648492,1560697820,overcast clouds,Clouds,04n
1560725785,6/17/2019,BCCDM-Mafraqsite05,Dubayy,55,25,292224,804,30.28,999,74,28,35,2.1,90,100,7539,0.0051,1560735015,1560784284,overcast clouds,Clouds,04n
1560722186,6/17/2019,BCCDM-Mafraqsite05,Dubayy,55,25,292224,804,30.77,999,79,29,34,2.6,100,100,7539,0.0045,1560735015,1560784284,overcast clouds,Clouds,04n
1560729655,6/17/2019,BCCDM-PortSaeedSite01,A? ?uw?r,55,25,412578,804,29.74,998,48,28,34,1.93,155.003,100,7526,0.0075,1560734899,1560784237,overcast clouds,Clouds,04n
1560715253,6/17/2019,BCCDM-PortSaeedSite01,A? ?uw?r,55,25,412578,804,31.98,999,48,31,35,2.6,70,100,7526,0.0051,1560734899,1560784237,overcast clouds,Clouds,04n
1560726055,6/17/2019,BCCDM-PortSaeedSite01,A? ?uw?r,55,25,412578,804,29.98,999,51,28,35,0.5,90,100,7526,0.0095,1560734899,1560784237,overcast clouds,Clouds,04n
1560722457,6/17/2019,BCCDM-PortSaeedSite01,A? ?uw?r,55,25,412578,804,30.48,999,51,29,34,1.91,344.331,100,7526,0.0065,1560734899,1560784237,overcast clouds,Clouds,04n
1560718854,6/17/2019,BCCDM-PortSaeedSite01,A? ?uw?r,55,25,412578,804,31.75,999,51,30,35,0.5,40,100,7526,0.0059,1560734899,1560784237,overcast clouds,Clouds,04n
